NUMERO_DOCUMENTO;VALOR_NOMINAL;DESCRICAO;DESC_HISTORICO;CENTRO_DE_CUSTO;CENTRO_DE_CUSTO_PRINCIPAL;NOME_SACADO;DATA_VENCIMENTO;DATA_PAGAMENTO;STATUS;ID_ORGANIZACAO;PARCELA;ID_TITULO_RECEBER;
2704201;54,00;CR REF: ;ESTORNO DESPESA DE VIAGEM;CAPTAÇÃO DE CONTRATOS;CAPTAÇÃO DE CONTRATOS;ABAÍRA - CM;27/04/2020;27/04/2020;QUITADO;imap;1;d76eb5b3-a09e-433d-81c8-776847466836;
2404203;130,00;, FP INT  CTA 2062437;RECEBIMENTO DE SOFT. SAI ;SAI;SAI;CLIENTE DIVERSOS;06/04/2020;06/04/2020;QUITADO;imap;1;7e76b970-865a-11ea-be65-b326f08cf813;
24042573;160,00; CRED REF PREST SERVIÇOS ;RECEBIMENTO DE SOFT. SEJ ;;;QUIJINGUE - PM;05/03/2020;09/04/2020;QUITADO;imap;1;655bce6e-aa20-4194-9ded-9bfbc78b7a8d;
24042577;160,00; CRED REF PREST SERVIÇOS ;RECEBIMENTO DE SOFT. SEJ ;;;QUIJINGUE - PM;12/03/2020;09/04/2020;QUITADO;imap;1;08fd2cd0-dfa7-43d9-8794-f552adef7c43;
24042571;160,00; CRED REF PREST SERVIÇOS ;RECEBIMENTO DE SOFT. SEJ ;;;QUIJINGUE - PM;04/03/2020;09/04/2020;QUITADO;imap;1;8840d6ba-b5e8-41c1-a9c8-07a62a01ee43;
24042581;160,00; CRED REF PREST SERVIÇOS ;RECEBIMENTO DE SOFT. SEJ ;;;QUIJINGUE - PM;19/03/2020;09/04/2020;QUITADO;imap;1;491f4ffd-2698-4814-8224-61d4f0dc4982;
24042575;160,00; CRED REF PREST SERVIÇOS ;RECEBIMENTO DE SOFT. SEJ ;;;QUIJINGUE - PM;05/03/2020;09/04/2020;QUITADO;imap;1;2ac766c1-d518-417f-8ce4-2dff1ea8da32;
24042579;160,00; CRED REF PREST SERVIÇOS ;RECEBIMENTO DE SOFT. SEJ ;;;QUIJINGUE - PM;12/03/2020;09/04/2020;QUITADO;imap;1;dec3898d-8f49-4a77-b99a-3fa5c32c4625;
24042739;161,28; CRED REF PREST SERVIÇOS ;RECEBIMENTO DE SOFT. SEJ ;;;AURELINO LEAL - PM;02/03/2020;09/04/2020;QUITADO;imap;1;2ea04d31-2df3-441c-ae73-ff283a0cc121;
24042833;180,00; CRED REF PREST SERVIÇOS ;RECEBIMENTO DE SOFT. SAI ;;;ITORORÓ - PM;12/03/2020;13/04/2020;QUITADO;imap;1;32fdee63-24cf-4fd2-97b8-daf24b37ec2d;
24042839;180,00; CRED REF PREST SERVIÇOS ;RECEBIMENTO DE SOFT. SAI ;;;ITORORÓ - PM;16/03/2020;13/04/2020;QUITADO;imap;1;3257fe42-a568-4086-b70a-693ca2f16011;
24042843;180,00; CRED REF PREST SERVIÇOS ;RECEBIMENTO DE SOFT. SAI ;;;ITORORÓ - PM;19/03/2020;13/04/2020;QUITADO;imap;1;649bf387-882e-4036-86de-c49debbcf26a;
24042835;180,00; CRED REF PREST SERVIÇOS ;RECEBIMENTO DE SOFT. SAI ;;;ITORORÓ - PM;13/03/2020;13/04/2020;QUITADO;imap;1;c423f3fa-f3df-49ba-91e8-10cd7a8bb21c;
24042841;180,00; CRED REF PREST SERVIÇOS ;RECEBIMENTO DE SOFT. SAI ;;;ITORORÓ - PM;17/03/2020;13/04/2020;QUITADO;imap;1;978ddb2d-1209-4ee6-b91e-b014aed26c7b;
24042845;180,00; CRED REF PREST SERVIÇOS ;RECEBIMENTO DE SOFT. SAI ;;;ITORORÓ - PM;20/03/2020;13/04/2020;QUITADO;imap;1;6a0f9dc8-b42a-4076-a760-5c26b965e8a4;
24042831;180,00; CRED REF PREST SERVIÇOS ;RECEBIMENTO DE SOFT. SAI ;;;ITORORÓ - PM;02/03/2020;13/04/2020;QUITADO;imap;1;0dab7aad-bf8e-41e8-91d6-2fa51698baa4;
24042837;180,00; CRED REF PREST SERVIÇOS ;RECEBIMENTO DE SOFT. SAI ;;;ITORORÓ - PM;13/03/2020;13/04/2020;QUITADO;imap;1;2e01d22c-e2dc-4fa2-a241-72e4e4b45cef;
24042587;184,74; CRED REF PREST SERVIÇOS ;RECEBIMENTO DE SOFT. SEJ ;;;QUIJINGUE - PM;05/03/2020;09/04/2020;QUITADO;imap;1;809ace96-9ba7-4407-bdf3-bfe737e11249;
24042585;184,74; CRED REF PREST SERVIÇOS ;RECEBIMENTO DE SOFT. SEJ ;;;QUIJINGUE - PM;05/03/2020;09/04/2020;QUITADO;imap;1;6476f17f-5c92-4517-9c14-684045834e6a;
24042589;184,74; CRED REF PREST SERVIÇOS ;RECEBIMENTO DE SOFT. SEJ ;;;QUIJINGUE - PM;12/03/2020;09/04/2020;QUITADO;imap;1;a5b01ef0-49ad-4acf-be2a-aed8e7cb0566;
24042593;184,74; CRED REF PREST SERVIÇOS ;RECEBIMENTO DE SOFT. SEJ ;;;QUIJINGUE - PM;19/03/2020;09/04/2020;QUITADO;imap;1;e5ddace2-de48-4bf6-94e2-e6497b55b4d2;
24042591;184,74; CRED REF PREST SERVIÇOS ;RECEBIMENTO DE SOFT. SEJ ;;;QUIJINGUE - PM;12/03/2020;09/04/2020;QUITADO;imap;1;f53061f8-1eae-464c-b50f-d36c97d82518;
24042583;184,74; CRED REF PREST SERVIÇOS ;RECEBIMENTO DE SOFT. SEJ ;;;QUIJINGUE - PM;04/03/2020;09/04/2020;QUITADO;imap;1;d7d9cec1-b520-4420-957a-3ae50c79ee37;
24042535;198,00; CRED REF PREST SERVIÇOS ;RECEBIMENTO DE SOFT. SEJ ;;;PEDRÃO - PM;10/03/2020;09/04/2020;QUITADO;imap;1;783c649d-c6c7-483b-8a8c-a107c8e9098b;
24042537;198,00; CRED REF PREST SERVIÇOS ;RECEBIMENTO DE SOFT. SEJ ;;;PEDRÃO - PM;10/03/2020;09/04/2020;QUITADO;imap;1;edfcd821-f8f2-419a-b438-843da6394d37;
24042127;199,50; CRED REF PREST SERVIÇOS ;RECEBIMENTO DE SOFT. SEJ ;;;GANDU - PM;09/03/2020;03/04/2020;QUITADO;imap;1;b197d212-4cd2-49f1-8ab8-dd8e611fd480;
24042023;200,00; CRED REF PREST SERVIÇOS ;RECEBIMENTO DE SOFT. SAI ;;;CONCEIÇÃO DO ALMEIDA - CM;01/03/2020;01/04/2020;QUITADO;imap;1;5bf4d279-335d-4820-8625-8d28e1b21323;
24042745;210,00; CRED REF PREST SERVIÇOS ;RECEBIMENTO DE SOFT. SEJ ;;;AURELINO LEAL - PM;18/03/2020;09/04/2020;QUITADO;imap;1;c54dd83d-76eb-4f42-9504-57c2bbada123;
24042741;210,00; CRED REF PREST SERVIÇOS ;RECEBIMENTO DE SOFT. SEJ ;;;AURELINO LEAL - PM;06/03/2020;09/04/2020;QUITADO;imap;1;0945e8da-cb8a-49b7-8866-7f273cc52ddc;
24042743;210,00; CRED REF PREST SERVIÇOS ;RECEBIMENTO DE SOFT. SEJ ;;;AURELINO LEAL - PM;06/03/2020;09/04/2020;QUITADO;imap;1;dbbabb2e-5e23-4257-b0ff-2afddeef939e;
24042541;224,00; CRED REF PREST SERVIÇOS ;RECEBIMENTO DE SOFT. SEJ ;;;BAIANÓPOLIS - PM;09/03/2020;09/04/2020;QUITADO;imap;1;a85a1bf6-bec7-4a9e-a080-2d1e7331d478;
24042701;224,00; CRED REF PREST SERVIÇOS ;RECEBIMENTO DE SOFT. SEJ ;;;URUÇUCA - PM;03/03/2020;09/04/2020;QUITADO;imap;1;3fe9d24e-7cad-4417-a710-87a05f01b1e8;
24042327;230,00; CRED REF PREST SERVIÇOS ;RECEBIMENTO DE SOFT. SAI ;;;CALDEIRÃO GRANDE - CX PREV;01/03/2020;07/04/2020;QUITADO;imap;1;e5b9d451-198a-406c-8dcc-e69553142db6;
24042325;230,00; CRED REF PREST SERVIÇOS ;RECEBIMENTO DE SOFT. SAI ;;;CALDEIRÃO GRANDE - CX PREV;01/02/2020;07/04/2020;QUITADO;imap;1;77fac413-3144-4f03-b365-c0bb322c69fb;
24042257;235,26; CRED REF PREST SERVIÇOS ;RECEBIMENTO DE SOFT. SEJ ;;;TEOFILÂNDIA - PM;16/03/2020;07/04/2020;QUITADO;imap;1;e6214edf-0a87-46a2-9d25-aa5fa6dbafd9;
24042255;235,26; CRED REF PREST SERVIÇOS ;RECEBIMENTO DE SOFT. SEJ ;;;TEOFILÂNDIA - PM;06/03/2020;07/04/2020;QUITADO;imap;1;e882d352-b1dc-4e02-87c3-b65b9cc7cd3c;
24042165;236,00; CRED REF PREST SERVIÇOS ;RECEBIMENTO DE SOFT. SEJ ;;;SANTA BRÍGIDA - PM;30/03/2020;03/04/2020;QUITADO;imap;1;b807a635-9f9d-48d0-8f11-d99be0709966;
24042287;240,00; CRED REF PREST SERVIÇOS ;RECEBIMENTO DE SOFT. SAI ;;;BOM JESUS DA LAPA - PM;27/03/2020;07/04/2020;QUITADO;imap;1;10df2ec3-9745-4e9c-b85c-6d40681b1b4e;
24042281;240,00; CRED REF PREST SERVIÇOS ;RECEBIMENTO DE SOFT. SAI ;;;BOM JESUS DA LAPA - PM;27/03/2020;07/04/2020;QUITADO;imap;1;e13c95c0-f1a7-4269-85b3-eb784e617983;
24042223;240,00; CRED REF PREST SERVIÇOS ;RECEBIMENTO DE SOFT. SAI ;;;NILO PEÇANHA - PM;26/03/2020;06/04/2020;QUITADO;imap;1;52b5de08-82a6-44a1-b15d-25d5ca4da402;
24042279;240,00; CRED REF PREST SERVIÇOS ;RECEBIMENTO DE SOFT. SAI ;;;BOM JESUS DA LAPA - PM;27/03/2020;07/04/2020;QUITADO;imap;1;144f0625-cf63-4134-b0fa-a9ab1eaa0392;
24042297;240,00; CRED REF PREST SERVIÇOS ;RECEBIMENTO DE SOFT. SAI ;;;BOM JESUS DA LAPA - PM;27/03/2020;07/04/2020;QUITADO;imap;1;d44175b1-f18d-4ce6-9e76-6832cb0d51b2;
24042293;240,00; CRED REF PREST SERVIÇOS ;RECEBIMENTO DE SOFT. SAI ;;;BOM JESUS DA LAPA - PM;27/03/2020;07/04/2020;QUITADO;imap;1;a76e10d6-a2c8-4123-b08f-20e2e7955b89;
24042291;240,00; CRED REF PREST SERVIÇOS ;RECEBIMENTO DE SOFT. SAI ;;;BOM JESUS DA LAPA - PM;27/03/2020;07/04/2020;QUITADO;imap;1;08d2c799-b067-4d0e-b32d-a9406612dafe;
24042277;240,00; CRED REF PREST SERVIÇOS ;RECEBIMENTO DE SOFT. SAI ;;;BOM JESUS DA LAPA - PM;17/03/2020;07/04/2020;QUITADO;imap;1;d87d98f6-cc9c-412a-bff6-e3404334ad15;
24042221;240,00; CRED REF PREST SERVIÇOS ;RECEBIMENTO DE SOFT. SAI ;;;NILO PEÇANHA - PM;19/03/2020;06/04/2020;QUITADO;imap;1;49d33c20-525d-45fe-a926-ce2f0b43ba49;
24042285;240,00; CRED REF PREST SERVIÇOS ;RECEBIMENTO DE SOFT. SAI ;;;BOM JESUS DA LAPA - PM;27/03/2020;07/04/2020;QUITADO;imap;1;9b21e097-299f-4505-8d44-6b33d83d1128;
24042289;240,00; CRED REF PREST SERVIÇOS ;RECEBIMENTO DE SOFT. SAI ;;;BOM JESUS DA LAPA - PM;27/03/2020;07/04/2020;QUITADO;imap;1;0c95bfed-dc53-4e4f-a0b2-cdd0d0a933f2;
24042315;240,00; CRED REF PREST SERVIÇOS ;RECEBIMENTO DE SOFT. SEJ ;;;MIRANTE - PM;09/03/2020;07/04/2020;QUITADO;imap;1;1c7b6ebf-e3cc-4ece-bd29-ed751bec4672;
24042295;240,00; CRED REF PREST SERVIÇOS ;RECEBIMENTO DE SOFT. SAI ;;;BOM JESUS DA LAPA - PM;27/03/2020;07/04/2020;QUITADO;imap;1;9de169bc-9233-499a-ae34-710daa029013;
24042299;240,00; CRED REF PREST SERVIÇOS ;RECEBIMENTO DE SOFT. SAI ;;;BOM JESUS DA LAPA - PM;31/03/2020;07/04/2020;QUITADO;imap;1;1ee66db8-771a-4e70-866a-9e09fdacf61f;
24042283;240,00; CRED REF PREST SERVIÇOS ;RECEBIMENTO DE SOFT. SAI ;;;BOM JESUS DA LAPA - PM;27/03/2020;07/04/2020;QUITADO;imap;1;deee5b69-a902-4027-8ca8-ac0a2749ef4d;
24042219;240,00; CRED REF PREST SERVIÇOS ;RECEBIMENTO DE SOFT. SAI ;;;NILO PEÇANHA - PM;19/03/2020;06/04/2020;QUITADO;imap;1;9fafe654-c4a9-4563-80f4-74f51f7dbf2e;
24042795;240,00; CRED REF PREST SERVIÇOS ;RECEBIMENTO DE SOFT. SEJ ;;;APORA - PM;10/03/2020;13/04/2020;QUITADO;imap;1;62dc89c3-1483-4908-ab83-d891fafd45ce;
24042733;240,00; CRED REF PREST SERVIÇOS ;RECEBIMENTO DE SOFT. SEJ ;;;BELO CAMPO - PM ;06/03/2020;09/04/2020;QUITADO;imap;1;68916e58-07a5-4a8f-8890-02ded07f270a;
24042749;241,92; CRED REF PREST SERVIÇOS ;RECEBIMENTO DE SOFT. SEJ ;;;AURELINO LEAL - PM;06/03/2020;09/04/2020;QUITADO;imap;1;e00bb334-4c56-47c3-83db-b88436202e48;
24042753;241,92; CRED REF PREST SERVIÇOS ;RECEBIMENTO DE SOFT. SEJ ;;;AURELINO LEAL - PM;18/03/2020;09/04/2020;QUITADO;imap;1;92f9abc1-c9b6-4d92-a0cf-243b3d11f7a6;
24042747;241,92; CRED REF PREST SERVIÇOS ;RECEBIMENTO DE SOFT. SEJ ;;;AURELINO LEAL - PM;02/03/2020;09/04/2020;QUITADO;imap;1;c993494c-c871-42eb-90c6-8b733fbfd94a;
24042751;241,92; CRED REF PREST SERVIÇOS ;RECEBIMENTO DE SOFT. SEJ ;;;AURELINO LEAL - PM;06/03/2020;09/04/2020;QUITADO;imap;1;e9b77ef4-d7e1-4fa0-b0d0-934e67bae524;
24042195;250,00; CRED REF PREST SERVIÇOS ;RECEBIMENTO DE SOFT. SAI ;;;CONS DE DESENVOL SUSTENTAVEL V. DO JEQUIRIÇA;01/03/2020;03/04/2020;QUITADO;imap;1;38fed14b-2e8f-4b8f-bb38-d8c9c99e440c;
24042775;250,00; CRED REF PREST SERVIÇOS ;RECEBIMENTO DE SOFT. SAI ;;;PINDOBAÇU - SAAE;01/03/2020;09/04/2020;QUITADO;imap;1;6143daf1-e2c4-444b-a6aa-101a24dad409;
24042779;250,00; CRED REF PREST SERVIÇOS ;RECEBIMENTO DE SOFT. SAI ;;;MUCUGÊ - CM;01/01/2020;09/04/2020;QUITADO;imap;1;62f86dce-0085-47ae-a02f-a95c5da9818d;
24042985;250,00; CRED REF PREST SERVIÇOS ;RECEBIMENTO DE SOFT. SAI ;;;SANTA LUZIA - CM;01/04/2020;13/04/2020;QUITADO;imap;1;7616070a-2e33-4dd9-8fe6-1bf7a166fcfb;
24042783;250,00; CRED REF PREST SERVIÇOS ;RECEBIMENTO DE SOFT. SAI ;;;MUCUGÊ - CM;01/03/2020;09/04/2020;QUITADO;imap;1;8b2c20d7-fe7b-446f-bfba-157bcf337e40;
24042781;250,00; CRED REF PREST SERVIÇOS ;RECEBIMENTO DE SOFT. SAI ;;;MUCUGÊ - CM;01/02/2020;09/04/2020;QUITADO;imap;1;9d2300a1-7fc7-4891-98de-4f05679761fc;
24042847;252,00; CRED REF PREST SERVIÇOS ;RECEBIMENTO DE SOFT. SAI ;;;ITORORÓ - PM;05/03/2020;13/04/2020;QUITADO;imap;1;1fed86e4-5c1f-48e8-97cd-9abdda12d7bb;
24042467;256,00; CRED REF PREST SERVIÇOS ;RECEBIMENTO DE SOFT. SEJ ;;;JUSSIAPE - PM;21/01/2020;08/04/2020;QUITADO;imap;1;d4625ad5-0005-47d9-8334-2faf371a2ee3;
24042469;256,00; CRED REF PREST SERVIÇOS ;RECEBIMENTO DE SOFT. SEJ ;;;JUSSIAPE - PM;24/01/2020;08/04/2020;QUITADO;imap;1;b57820f5-a88f-4699-859a-9bb904f9bd33;
24042543;256,00; CRED REF PREST SERVIÇOS ;RECEBIMENTO DE SOFT. SEJ ;;;BAIANÓPOLIS - PM;09/03/2020;09/04/2020;QUITADO;imap;1;5a7b5816-87e2-450e-a9a8-db5ec6674951;
24042899;260,00; CRED REF PREST SERVIÇOS ;RECEBIMENTO DE SOFT. SAI ;;;ITAJUÍPE - PM;04/02/2020;13/04/2020;QUITADO;imap;1;05160e24-2a1f-4fe0-9263-aa6e6534574d;
24042901;260,00; CRED REF PREST SERVIÇOS ;RECEBIMENTO DE SOFT. SAI ;;;ITAJUÍPE - PM;05/02/2020;13/04/2020;QUITADO;imap;1;e9a64e54-4687-40ce-9b61-e7e431463241;
24042137;266,00; CRED REF PREST SERVIÇOS ;RECEBIMENTO DE SOFT. SEJ ;;;GANDU - PM;11/03/2020;03/04/2020;QUITADO;imap;1;01d8b957-27cb-42c7-83ad-10cc37cfcdd2;
24042141;266,00; CRED REF PREST SERVIÇOS ;RECEBIMENTO DE SOFT. SEJ ;;;GANDU - PM;31/03/2020;03/04/2020;QUITADO;imap;1;b28157bf-c712-4b42-b3ad-1f4780d8cd27;
24042129;266,00; CRED REF PREST SERVIÇOS ;RECEBIMENTO DE SOFT. SEJ ;;;GANDU - PM;02/03/2020;03/04/2020;QUITADO;imap;1;95e65b52-7a9f-4622-bdb3-05e4e7c4cef5;
24042135;266,00; CRED REF PREST SERVIÇOS ;RECEBIMENTO DE SOFT. SEJ ;;;GANDU - PM;09/03/2020;03/04/2020;QUITADO;imap;1;3beaf915-cf5f-44f0-bdab-6f560ea58f37;
24042131;266,00; CRED REF PREST SERVIÇOS ;RECEBIMENTO DE SOFT. SEJ ;;;GANDU - PM;03/03/2020;03/04/2020;QUITADO;imap;1;ab3778f2-e90b-4645-a8fd-92520f5637fc;
24042139;266,00; CRED REF PREST SERVIÇOS ;RECEBIMENTO DE SOFT. SEJ ;;;GANDU - PM;12/03/2020;03/04/2020;QUITADO;imap;1;3d19c779-bfd1-4625-8afa-9d0a12aa0878;
24042133;266,00; CRED REF PREST SERVIÇOS ;RECEBIMENTO DE SOFT. SEJ ;;;GANDU - PM;03/03/2020;03/04/2020;QUITADO;imap;1;ffacfb8b-b980-4883-8069-99fc2ba8a978;
24042059;270,00; CRED REF PREST SERVIÇOS ;RECEBIMENTO DE SOFT. SEJ ;;;GUARATINGA - PM;15/01/2020;02/04/2020;QUITADO;imap;1;d019aecb-a1dd-4188-b181-aca39af23738;
24042203;270,00; CRED REF PREST SERVIÇOS ;RECEBIMENTO DE SOFT. SEJ ;;;GUARATINGA - PM;28/02/2020;06/04/2020;QUITADO;imap;1;a12ebe79-b076-498d-b0e2-727a2bc9a35e;
24042205;270,00; CRED REF PREST SERVIÇOS ;RECEBIMENTO DE SOFT. SEJ ;;;GUARATINGA - PM;28/02/2020;06/04/2020;QUITADO;imap;1;323b1a92-3bc2-4cf7-8133-a7a698075f96;
24042201;270,00; CRED REF PREST SERVIÇOS ;RECEBIMENTO DE SOFT. SEJ ;;;GUARATINGA - PM;04/02/2020;06/04/2020;QUITADO;imap;1;eaecd970-05b8-4f4c-8d37-dd38ad92b262;
24042725;275,00; CRED REF PREST SERVIÇOS ;RECEBIMENTO DE SOFT. SEJ ;;;SANTA INÊS - PM;04/03/2020;09/04/2020;QUITADO;imap;1;13eff832-5d66-414c-8a9e-e5a89810d75c;
24042723;275,00; CRED REF PREST SERVIÇOS ;RECEBIMENTO DE SOFT. SEJ ;;;SANTA INÊS - PM;04/03/2020;09/04/2020;QUITADO;imap;1;fad43667-4203-474a-b02e-9eda66d341a4;
24042727;275,00; CRED REF PREST SERVIÇOS ;RECEBIMENTO DE SOFT. SEJ ;;;SANTA INÊS - PM;30/03/2020;09/04/2020;QUITADO;imap;1;8f6a66fa-be55-457d-9f9d-3b742413ce73;
24042933;275,80; CRED REF PREST SERVIÇOS ;RECEBIMENTO DE SOFT. SEJ ;;;LENÇÓIS - PM;13/02/2020;13/04/2020;QUITADO;imap;1;15198b68-fd79-46b0-b7f1-bb7feb3971de;
24042935;275,80; CRED REF PREST SERVIÇOS ;RECEBIMENTO DE SOFT. SEJ ;;;LENÇÓIS - PM;13/02/2020;13/04/2020;QUITADO;imap;1;f66156ab-678a-473c-afcc-ce3ea6b616c5;
24042937;275,80; CRED REF PREST SERVIÇOS ;RECEBIMENTO DE SOFT. SEJ ;;;LENÇÓIS - PM;13/02/2020;13/04/2020;QUITADO;imap;1;97965fb6-aeca-485c-988b-cf2681cbd179;
24042931;275,80; CRED REF PREST SERVIÇOS ;RECEBIMENTO DE SOFT. SEJ ;;;LENÇÓIS - PM;03/02/2020;13/04/2020;QUITADO;imap;1;8dd3f4c2-87c9-4d52-9d59-6a9e20e1fe16;
24042167;280,00; CRED REF PREST SERVIÇOS ;RECEBIMENTO DE SOFT. SEJ ;;;BARRA DO ROCHA - PM;05/03/2020;03/04/2020;QUITADO;imap;1;f2217798-f58a-4b28-b329-a46d32f06ea2;
24042169;280,00; CRED REF PREST SERVIÇOS ;RECEBIMENTO DE SOFT. SEJ ;;;BARRA DO ROCHA - PM;19/03/2020;03/04/2020;QUITADO;imap;1;8ada295a-eb88-4135-8696-23975111765a;
24042703;280,00; CRED REF PREST SERVIÇOS ;RECEBIMENTO DE SOFT. SEJ ;;;URUÇUCA - PM;09/03/2020;09/04/2020;QUITADO;imap;1;e2f3e0c4-6511-4d7c-9b57-ab68d68f9c46;
24042705;280,00; CRED REF PREST SERVIÇOS ;RECEBIMENTO DE SOFT. SEJ ;;;URUÇUCA - PM;19/03/2020;09/04/2020;QUITADO;imap;1;e3ddd0ae-a24d-48a8-aaa2-21dd76c0c2ec;
24042919;280,00; CRED REF PREST SERVIÇOS ;RECEBIMENTO DE SOFT. SAI ;;;CONCEIÇÃO DO JACUÍPE - PM;31/03/2020;13/04/2020;QUITADO;imap;1;f3029b27-a098-4acc-a294-2712d63775de;
24042915;280,00; CRED REF PREST SERVIÇOS ;RECEBIMENTO DE SOFT. SAI ;;;CONCEIÇÃO DO JACUÍPE - PM;06/03/2020;13/04/2020;QUITADO;imap;1;04214cc5-0d2d-4a27-804d-c58d5deedf3b;
24042709;280,00; CRED REF PREST SERVIÇOS ;RECEBIMENTO DE SOFT. SEJ ;;;URUÇUCA - PM;20/03/2020;09/04/2020;QUITADO;imap;1;44329168-3fc4-43f5-9bdf-678ec56f9325;
24042711;280,00; CRED REF PREST SERVIÇOS ;RECEBIMENTO DE SOFT. SEJ ;;;URUÇUCA - PM;24/03/2020;09/04/2020;QUITADO;imap;1;c4f6fdb1-9007-4a6b-a518-5656cb7ff6c8;
24042917;280,00; CRED REF PREST SERVIÇOS ;RECEBIMENTO DE SOFT. SAI ;;;CONCEIÇÃO DO JACUÍPE - PM;06/03/2020;13/04/2020;QUITADO;imap;1;861b4c02-8673-4d10-921c-0d65d304baa9;
24042707;280,00; CRED REF PREST SERVIÇOS ;RECEBIMENTO DE SOFT. SEJ ;;;URUÇUCA - PM;20/03/2020;09/04/2020;QUITADO;imap;1;fbe0cc9f-2af4-49d3-aac0-fe41c0d3dc04;
24042259;294,07; CRED REF PREST SERVIÇOS ;RECEBIMENTO DE SOFT. SEJ ;;;TEOFILÂNDIA - PM;09/12/2019;07/04/2020;QUITADO;imap;1;02f68153-2dee-42f2-b2da-d15f55f96873;
24042261;294,07; CRED REF PREST SERVIÇOS ;RECEBIMENTO DE SOFT. SEJ ;;;TEOFILÂNDIA - PM;17/03/2020;07/04/2020;QUITADO;imap;1;8b940e6a-f2d2-4fbb-bc76-db07696fc862;
24042263;294,07; CRED REF PREST SERVIÇOS ;RECEBIMENTO DE SOFT. SEJ ;;;TEOFILÂNDIA - PM;18/03/2020;07/04/2020;QUITADO;imap;1;4d200158-9ace-4265-821a-1faabc838f8f;
24042557;300,00; CRED REF PREST SERVIÇOS ;RECEBIMENTO DE SOFT. SEJ ;;;ELÍSIO MEDRADO - PM;06/02/2020;09/04/2020;QUITADO;imap;1;e1b0f05e-8c0f-408d-94e9-4f17ac725609;
24042461;300,00; CRED REF PREST SERVIÇOS ;RECEBIMENTO DE SOFT. SAI ;;;BELO CAMPO - CM;01/04/2020;08/04/2020;QUITADO;imap;1;48409190-40e2-40e0-b8b3-490ed7896833;
24042883;300,00; CRED REF PREST SERVIÇOS ;RECEBIMENTO DE SOFT. SEJ ;;;BOA NOVA - PM ;17/02/2020;13/04/2020;QUITADO;imap;1;e62630eb-9721-4bbb-a3bb-7c8dba738c40;
24042735;300,00; CRED REF PREST SERVIÇOS ;RECEBIMENTO DE SOFT. SEJ ;;;BELO CAMPO - PM ;06/03/2020;09/04/2020;QUITADO;imap;1;f68bca7d-955e-4a20-8abe-66312f5064b2;
24042881;300,00; CRED REF PREST SERVIÇOS ;RECEBIMENTO DE SOFT. SEJ ;;;BOA NOVA - PM ;06/02/2020;13/04/2020;QUITADO;imap;1;47eb3e9c-d1d1-46d1-b721-c8b47b28c37b;
24042757;300,00; CRED REF PREST SERVIÇOS ;RECEBIMENTO DE SOFT. SAI ;;;VALENÇA - SAAE;01/02/2020;09/04/2020;QUITADO;imap;1;4a9bbd27-d869-4cf1-b729-5773a88da00b;
24042773;300,00; CRED REF PREST SERVIÇOS ;RECEBIMENTO DE SOFT. SAI ;;;ITARANTIM - CM;01/03/2020;09/04/2020;QUITADO;imap;1;ec5facf9-9a96-47c9-a877-e31238ec5d52;
24042879;300,00; CRED REF PREST SERVIÇOS ;RECEBIMENTO DE SOFT. SEJ ;;;BOA NOVA - PM ;30/12/2019;13/04/2020;QUITADO;imap;1;9f87357d-6ae6-4439-941e-02ac2e1d2ba9;
24042651;304,00; CRED REF PREST SERVIÇOS ;RECEBIMENTO DE SOFT. SEJ ;;;ITACARE - PM;02/03/2020;09/04/2020;QUITADO;imap;1;d53fc7d6-2499-4732-a84e-0e2299f91dc1;
24042851;306,00; CRED REF PREST SERVIÇOS ;RECEBIMENTO DE SOFT. SAI ;;;ITORORÓ - PM;12/03/2020;13/04/2020;QUITADO;imap;1;7037f792-29cd-4019-af00-17d57fcc831b;
24042849;306,00; CRED REF PREST SERVIÇOS ;RECEBIMENTO DE SOFT. SAI ;;;ITORORÓ - PM;02/03/2020;13/04/2020;QUITADO;imap;1;a0df3344-0c0f-4d57-993a-4b49351eb65b;
24042863;306,00; CRED REF PREST SERVIÇOS ;RECEBIMENTO DE SOFT. SAI ;;;ITORORÓ - PM;20/03/2020;13/04/2020;QUITADO;imap;1;65bc3c42-773c-4fc7-90bc-b4d50d55a1cb;
24042859;306,00; CRED REF PREST SERVIÇOS ;RECEBIMENTO DE SOFT. SAI ;;;ITORORÓ - PM;17/03/2020;13/04/2020;QUITADO;imap;1;76c5bf84-584e-4666-a512-509bd29af2c9;
24042855;306,00; CRED REF PREST SERVIÇOS ;RECEBIMENTO DE SOFT. SAI ;;;ITORORÓ - PM;13/03/2020;13/04/2020;QUITADO;imap;1;377ffcb9-8e1b-4c40-8a7b-998159585189;
24042853;306,00; CRED REF PREST SERVIÇOS ;RECEBIMENTO DE SOFT. SAI ;;;ITORORÓ - PM;13/03/2020;13/04/2020;QUITADO;imap;1;6bcb4e76-c6f1-4055-8030-8e33f7a30425;
24042861;306,00; CRED REF PREST SERVIÇOS ;RECEBIMENTO DE SOFT. SAI ;;;ITORORÓ - PM;19/03/2020;13/04/2020;QUITADO;imap;1;ebf4df21-d653-401e-b0a6-051ef82567a4;
24042857;306,00; CRED REF PREST SERVIÇOS ;RECEBIMENTO DE SOFT. SAI ;;;ITORORÓ - PM;16/03/2020;13/04/2020;QUITADO;imap;1;5fb47c9f-9123-4597-afaf-507f1faa6e69;
24042233;310,00; CRED REF PREST SERVIÇOS ;RECEBIMENTO DE SOFT. SEJ ;;;SÍTIO DO QUINTO - PM;17/03/2020;07/04/2020;QUITADO;imap;1;99d347e3-4263-430f-a0b3-667b5e9525b0;
24042117;310,00; CRED REF PREST SERVIÇOS ;RECEBIMENTO DE SOFT. SAI ;;;ITABERABA - PM;18/03/2020;03/04/2020;QUITADO;imap;1;4a0eea66-c37e-4cfb-acec-1c93075fc401;
24042471;320,00; CRED REF PREST SERVIÇOS ;RECEBIMENTO DE SOFT. SEJ ;;;JUSSIAPE - PM;21/01/2020;08/04/2020;QUITADO;imap;1;099442cf-ca7d-43f2-a03a-e3c0904692ac;
24042789;320,00; CRED REF PREST SERVIÇOS ;RECEBIMENTO DE SOFT. SEJ ;;;VARZEDO - PM;16/03/2020;13/04/2020;QUITADO;imap;1;765aca73-906a-4c68-bd5d-d09afe46b697;
24042729;330,00; CRED REF PREST SERVIÇOS ;RECEBIMENTO DE SOFT. SEJ ;;;SANTA INÊS - PM;04/03/2020;09/04/2020;QUITADO;imap;1;b74806f5-99de-4079-a1f2-04ee1a014aaa;
24042145;332,50; CRED REF PREST SERVIÇOS ;RECEBIMENTO DE SOFT. SEJ ;;;GANDU - PM;31/03/2020;03/04/2020;QUITADO;imap;1;76870549-af76-49db-83d8-d12e5193d267;
24042143;332,50; CRED REF PREST SERVIÇOS ;RECEBIMENTO DE SOFT. SEJ ;;;GANDU - PM;30/03/2020;03/04/2020;QUITADO;imap;1;3ea837e6-476e-425b-b4ae-fb1aea92b00a;
24042715;336,00; CRED REF PREST SERVIÇOS ;RECEBIMENTO DE SOFT. SEJ ;;;URUÇUCA - PM;02/03/2020;09/04/2020;QUITADO;imap;1;83e15683-f998-427d-b853-78cc778cc06c;
24042713;336,00; CRED REF PREST SERVIÇOS ;RECEBIMENTO DE SOFT. SEJ ;;;URUÇUCA - PM;02/03/2020;09/04/2020;QUITADO;imap;1;3597e2a7-56e2-46f4-9b7f-2d33256131d3;
24042719;336,00; CRED REF PREST SERVIÇOS ;RECEBIMENTO DE SOFT. SEJ ;;;URUÇUCA - PM;31/03/2020;09/04/2020;QUITADO;imap;1;0aab3e85-e039-48de-9d2b-f8e772d66709;
24042717;336,00; CRED REF PREST SERVIÇOS ;RECEBIMENTO DE SOFT. SEJ ;;;URUÇUCA - PM;24/03/2020;09/04/2020;QUITADO;imap;1;7a2d60a7-770d-4a4d-ba27-b412d97e929b;
24042147;342,00; CRED REF PREST SERVIÇOS ;RECEBIMENTO DE SOFT. SEJ ;;;GANDU - PM;09/03/2020;03/04/2020;QUITADO;imap;1;4bc760c4-2b61-43d1-ac3c-c4a8edd91b71;
24042939;344,75; CRED REF PREST SERVIÇOS ;RECEBIMENTO DE SOFT. SEJ ;;;LENÇÓIS - PM;03/02/2020;13/04/2020;QUITADO;imap;1;759aebd5-dd96-42c8-b520-7165f6ccb8f2;
24042047;345,00; CRED REF PREST SERVIÇOS ;RECEBIMENTO DE SOFT. SAI ;;;RIBEIRA DO POMBAL  - CM ;01/03/2020;01/04/2020;QUITADO;imap;1;ded3a3e4-88af-4c14-9198-1d5cd93155f4;
24042049;350,00; CRED REF PREST SERVIÇOS ;RECEBIMENTO DE SOFT. SEJ ;;;SÃO JOSÉ DA VITÓRIA - PM;03/02/2020;01/04/2020;QUITADO;imap;1;b2cfe952-d8f9-40f4-ac4e-37a0de3dfdde;
24042171;350,00; CRED REF PREST SERVIÇOS ;RECEBIMENTO DE SOFT. SEJ ;;;BARRA DO ROCHA - PM;02/03/2020;03/04/2020;QUITADO;imap;1;74b85080-1a06-45c5-870b-238fbd8bc303;
24042173;350,00; CRED REF PREST SERVIÇOS ;RECEBIMENTO DE SOFT. SEJ ;;;BARRA DO ROCHA - PM;17/03/2020;03/04/2020;QUITADO;imap;1;77c808d5-10b8-498e-9d91-7aa45c23dc02;
24042473;350,00; CRED REF PREST SERVIÇOS ;RECEBIMENTO DE SOFT. SEJ ;;;JUSSIAPE - PM;05/02/2020;08/04/2020;QUITADO;imap;1;88d03f4f-2a30-42fa-a1d6-88e785833966;
24042475;350,00; CRED REF PREST SERVIÇOS ;RECEBIMENTO DE SOFT. SEJ ;;;JUSSIAPE - PM;20/02/2020;08/04/2020;QUITADO;imap;1;d944def8-1abf-476a-a8f6-98019b17c8e7;
24042035;350,00; CRED REF PREST SERVIÇOS ;RECEBIMENTO DE SOFT. SEJ ;;;ITAPÉ - PM;12/02/2020;01/04/2020;QUITADO;imap;1;0d28ad83-36b2-4722-abc4-7ccbf07fb9e9;
24042265;352,88; CRED REF PREST SERVIÇOS ;RECEBIMENTO DE SOFT. SEJ ;;;TEOFILÂNDIA - PM;04/12/2019;07/04/2020;QUITADO;imap;1;b1992afd-bac6-4392-b33a-ad938ff7cffe;
24042267;352,89; CRED REF PREST SERVIÇOS ;RECEBIMENTO DE SOFT. SEJ ;;;TEOFILÂNDIA - PM;18/03/2020;07/04/2020;QUITADO;imap;1;ff30425f-8af6-42f5-893b-a720dc5a60d2;
24042063;360,00; CRED REF PREST SERVIÇOS ;RECEBIMENTO DE SOFT. SEJ ;;;GUARATINGA - PM;15/01/2020;02/04/2020;QUITADO;imap;1;412c3f1a-a923-4417-b759-88dddd6c3847;
24042061;360,00; CRED REF PREST SERVIÇOS ;RECEBIMENTO DE SOFT. SEJ ;;;GUARATINGA - PM;09/01/2020;02/04/2020;QUITADO;imap;1;93b7955d-66e0-441c-9d67-e3c13371c306;
24042069;360,00; CRED REF PREST SERVIÇOS ;RECEBIMENTO DE SOFT. SEJ ;;;GUARATINGA - PM;23/01/2020;02/04/2020;QUITADO;imap;1;f38db110-b4cf-458d-8f55-5e0ec0469f59;
24042211;360,00; CRED REF PREST SERVIÇOS ;RECEBIMENTO DE SOFT. SEJ ;;;GUARATINGA - PM;28/02/2020;06/04/2020;QUITADO;imap;1;864ff136-b8fa-482b-855b-04fa58d6d8ba;
24042065;360,00; CRED REF PREST SERVIÇOS ;RECEBIMENTO DE SOFT. SEJ ;;;GUARATINGA - PM;20/01/2020;02/04/2020;QUITADO;imap;1;e714ebaf-fccb-40a2-b16a-d18e296c3647;
24042209;360,00; CRED REF PREST SERVIÇOS ;RECEBIMENTO DE SOFT. SEJ ;;;GUARATINGA - PM;28/02/2020;06/04/2020;QUITADO;imap;1;59e240a8-0e4c-4720-b1be-53ee5f15bcf7;
24042071;360,00; CRED REF PREST SERVIÇOS ;RECEBIMENTO DE SOFT. SEJ ;;;GUARATINGA - PM;23/01/2020;02/04/2020;QUITADO;imap;1;4bfa048a-123b-4da4-b042-d561f0b84200;
24042067;360,00; CRED REF PREST SERVIÇOS ;RECEBIMENTO DE SOFT. SEJ ;;;GUARATINGA - PM;23/01/2020;02/04/2020;QUITADO;imap;1;fce441bb-589c-4919-89f4-2b7f242527ed;
24042207;360,00; CRED REF PREST SERVIÇOS ;RECEBIMENTO DE SOFT. SEJ ;;;GUARATINGA - PM;04/02/2020;06/04/2020;QUITADO;imap;1;dda7b916-a9e6-4deb-b444-6b1a78d05e27;
24042809;360,00; CRED REF PREST SERVIÇOS ;RECEBIMENTO DE SOFT. SEJ ;;;JANDAÍRA - PM;24/03/2020;13/04/2020;QUITADO;imap;1;912cc0af-bda3-479b-9603-31d69598475c;
24042797;360,00; CRED REF PREST SERVIÇOS ;RECEBIMENTO DE SOFT. SEJ ;;;APORA - PM;06/03/2020;13/04/2020;QUITADO;imap;1;326b3bda-4e58-4036-b5aa-268815be5642;
24042807;360,00; CRED REF PREST SERVIÇOS ;RECEBIMENTO DE SOFT. SEJ ;;;JANDAÍRA - PM;18/03/2020;13/04/2020;QUITADO;imap;1;93301d82-19c1-41d7-9cdc-d2b4a15a299a;
24042805;360,00; CRED REF PREST SERVIÇOS ;RECEBIMENTO DE SOFT. SEJ ;;;JANDAÍRA - PM;16/03/2020;13/04/2020;QUITADO;imap;1;b7d850c8-42ce-4729-adfe-f50ec555188c;
24042669;375,00; CRED REF PREST SERVIÇOS ;RECEBIMENTO DE SOFT. SEJ ;;;IGUAÍ - PM;26/03/2020;09/04/2020;QUITADO;imap;1;d6c27777-6d39-4e4f-a083-c16de678da5d;
24042629;375,00; CRED REF PREST SERVIÇOS ;RECEBIMENTO DE SOFT. SEJ ;;;IRAJUBA - PM;20/02/2020;09/04/2020;QUITADO;imap;1;a9215817-815a-457e-8478-c1e661cae6e6;
24042885;375,00; CRED REF PREST SERVIÇOS ;RECEBIMENTO DE SOFT. SEJ ;;;BOA NOVA - PM ;20/02/2020;13/04/2020;QUITADO;imap;1;8b644eb9-35fc-426c-bc60-7f0e867a0d9b;
24042653;380,00; CRED REF PREST SERVIÇOS ;RECEBIMENTO DE SOFT. SEJ ;;;ITACARE - PM;13/03/2020;09/04/2020;QUITADO;imap;1;0b75983a-70b4-4c0b-b9fb-214836f45484;
24042479;384,00; CRED REF PREST SERVIÇOS ;RECEBIMENTO DE SOFT. SEJ ;;;JUSSIAPE - PM;24/01/2020;08/04/2020;QUITADO;imap;1;028949d3-f224-46b0-a197-d6431e989919;
24042477;384,00; CRED REF PREST SERVIÇOS ;RECEBIMENTO DE SOFT. SEJ ;;;JUSSIAPE - PM;21/01/2020;08/04/2020;QUITADO;imap;1;851bc8d6-8101-42bf-bed3-daec7fd8eaad;
24042087;400,00; CRED REF PREST SERVIÇOS ;RECEBIMENTO DE SOFT. SAI ;;;ITAGUAÇU DA BAHIA - CM;01/03/2020;02/04/2020;QUITADO;imap;1;11a556b6-a418-4277-83c5-102f7f412f67;
24042101;400,00; CRED REF PREST SERVIÇOS ;RECEBIMENTO DE SOFT. SAI ;;;BREJÕES - CM;01/01/2020;03/04/2020;QUITADO;imap;1;25349b81-38df-45db-9ca5-beef09bf9f9d;
24042323;400,00; CRED REF PREST SERVIÇOS ;RECEBIMENTO DE SOFT. SAI ;;;MIRANGABA - CM;01/03/2020;07/04/2020;QUITADO;imap;1;8a23dcc7-f6c5-464c-92a2-c1d1d12ddbee;
24042045;400,00; CRED REF PREST SERVIÇOS ;RECEBIMENTO DE SOFT. SAI ;;;PAULO AFONSO - CM;01/03/2020;01/04/2020;QUITADO;imap;1;adc39c86-47a4-4265-a917-d452bb23e798;
24042081;400,00; CRED REF PREST SERVIÇOS ;RECEBIMENTO DE SOFT. SEJ ;;;MARAÚ - PM;28/02/2020;02/04/2020;QUITADO;imap;1;ed0d53ef-0d1d-4005-81c6-77e9a918782d;
24042103;400,00; CRED REF PREST SERVIÇOS ;RECEBIMENTO DE SOFT. SAI ;;;BREJÕES - CM;01/02/2020;03/04/2020;QUITADO;imap;1;ff653159-8a04-4e4c-a71b-3e3bbd5d9f14;
24042945;400,00; CRED REF PREST SERVIÇOS ;RECEBIMENTO DE SOFT. SEJ ;;;EUNÁPOLIS - PM;10/03/2020;13/04/2020;QUITADO;imap;1;b389adea-8270-4d54-95f1-e7a454a5b65e;
24042759;400,00; CRED REF PREST SERVIÇOS ;RECEBIMENTO DE SOFT. SEJ ;;;ITABELA - PM;11/03/2020;09/04/2020;QUITADO;imap;1;570e5674-5f80-41ea-a255-91beb92fdfca;
24042947;400,00; CRED REF PREST SERVIÇOS ;RECEBIMENTO DE SOFT. SEJ ;;;EUNÁPOLIS - PM;20/03/2020;13/04/2020;QUITADO;imap;1;9ed543d2-a93f-4a0f-b4d7-7d98fad1f266;
24042761;400,00; CRED REF PREST SERVIÇOS ;RECEBIMENTO DE SOFT. SEJ ;;;ITABELA - PM;11/03/2020;09/04/2020;QUITADO;imap;1;ce4cde97-4e00-4517-b5c2-41fcdf59a2c6;
24042943;400,00; CRED REF PREST SERVIÇOS ;RECEBIMENTO DE SOFT. SEJ ;;;EUNÁPOLIS - PM;03/03/2020;13/04/2020;QUITADO;imap;1;ef4d6572-033a-4b95-a1ec-0f57f7253c0b;
24042241;402,00; CRED REF PREST SERVIÇOS ;RECEBIMENTO DE SOFT. SEJ ;;;UNA - PM;14/02/2020;07/04/2020;QUITADO;imap;1;e5fbf6ed-1dab-4372-a6aa-d5d86a43c57a;
24042243;402,00; CRED REF PREST SERVIÇOS ;RECEBIMENTO DE SOFT. SEJ ;;;UNA - PM;19/02/2020;07/04/2020;QUITADO;imap;1;07d2c6cd-d075-4178-af9f-185ad4b25756;
24042239;402,00; CRED REF PREST SERVIÇOS ;RECEBIMENTO DE SOFT. SEJ ;;;UNA - PM;07/02/2020;07/04/2020;QUITADO;imap;1;a98e82a6-acd0-4284-9b31-6ec171092efb;
24042865;408,00; CRED REF PREST SERVIÇOS ;RECEBIMENTO DE SOFT. SAI ;;;ITORORÓ - PM;05/03/2020;13/04/2020;QUITADO;imap;1;ea8abc50-721f-4e2f-b2e4-c6155145e816;
24042321;420,00; CRED REF PREST SERVIÇOS ;RECEBIMENTO DE SOFT. SEJ ;;;MIRANTE - PM;09/03/2020;07/04/2020;QUITADO;imap;1;12288cb9-ff36-4a45-bf07-17b3c50785ea;
24042175;420,00; CRED REF PREST SERVIÇOS ;RECEBIMENTO DE SOFT. SEJ ;;;BARRA DO ROCHA - PM;16/03/2020;03/04/2020;QUITADO;imap;1;432a05dc-6315-4e7d-93ce-a6e79a66541c;
24042485;420,00; CRED REF PREST SERVIÇOS ;RECEBIMENTO DE SOFT. SEJ ;;;JUSSIAPE - PM;20/02/2020;08/04/2020;QUITADO;imap;1;849fd436-dd39-4010-b293-18785bf5ef4b;
24042481;420,00; CRED REF PREST SERVIÇOS ;RECEBIMENTO DE SOFT. SEJ ;;;JUSSIAPE - PM;05/02/2020;08/04/2020;QUITADO;imap;1;05456a6b-2198-4349-84b7-6ce558452cc6;
24042317;420,00; CRED REF PREST SERVIÇOS ;RECEBIMENTO DE SOFT. SEJ ;;;MIRANTE - PM;30/01/2020;07/04/2020;QUITADO;imap;1;b54d7028-82e9-4de8-bfa6-4b059800e3d9;
24042559;420,00; CRED REF PREST SERVIÇOS ;RECEBIMENTO DE SOFT. SEJ ;;;ELÍSIO MEDRADO - PM;06/02/2020;09/04/2020;QUITADO;imap;1;e5e7cc18-003e-44bb-aa7a-4c285dc7c0c1;
24042177;420,00; CRED REF PREST SERVIÇOS ;RECEBIMENTO DE SOFT. SEJ ;;;BARRA DO ROCHA - PM;19/03/2020;03/04/2020;QUITADO;imap;1;e664b095-b73e-44a5-94bb-bfde46da31e8;
24042107;420,00; CRED REF PREST SERVIÇOS ;RECEBIMENTO DE SOFT. SEJ ;;;PAU BRASIL - PM;13/03/2020;03/04/2020;QUITADO;imap;1;f9d850f3-5787-4ba6-bb11-3932ce035b52;
24042483;420,00; CRED REF PREST SERVIÇOS ;RECEBIMENTO DE SOFT. SEJ ;;;JUSSIAPE - PM;07/02/2020;08/04/2020;QUITADO;imap;1;4b8ca446-e2bd-4cc0-9e3a-a5777dea0e2e;
24042319;420,00; CRED REF PREST SERVIÇOS ;RECEBIMENTO DE SOFT. SEJ ;;;MIRANTE - PM;31/01/2020;07/04/2020;QUITADO;imap;1;dc33951b-3256-447a-8cca-adc3926dfd79;
24042905;420,00; CRED REF PREST SERVIÇOS ;RECEBIMENTO DE SOFT. SAI ;;;ITAJUÍPE - PM;05/02/2020;13/04/2020;QUITADO;imap;1;d54e8337-d04e-438c-8ae9-cda23aaba8a6;
24042903;420,00; CRED REF PREST SERVIÇOS ;RECEBIMENTO DE SOFT. SAI ;;;ITAJUÍPE - PM;04/02/2020;13/04/2020;QUITADO;imap;1;aed7f370-54bf-4646-9932-437ea8fd58ad;
24042923;450,00; CRED REF PREST SERVIÇOS ;RECEBIMENTO DE SOFT. SAI ;;;CONCEIÇÃO DO JACUÍPE - PM;04/03/2020;13/04/2020;QUITADO;imap;1;f1866f71-4fee-4d2b-8e4e-977cd0a65466;
24042925;450,00; CRED REF PREST SERVIÇOS ;RECEBIMENTO DE SOFT. SAI ;;;CONCEIÇÃO DO JACUÍPE - PM;04/03/2020;13/04/2020;QUITADO;imap;1;c563ff50-3a16-43a5-8398-8046c7135142;
24042927;450,00; CRED REF PREST SERVIÇOS ;RECEBIMENTO DE SOFT. SAI ;;;CONCEIÇÃO DO JACUÍPE - PM;17/03/2020;13/04/2020;QUITADO;imap;1;e5e2ee8b-c714-4b8f-b22b-f1f21fd8fd19;
24042671;450,00; CRED REF PREST SERVIÇOS ;RECEBIMENTO DE SOFT. SEJ ;;;IGUAÍ - PM;13/03/2020;09/04/2020;QUITADO;imap;1;a7ee0c9c-f134-4280-8b89-24989e40046d;
24042673;450,00; CRED REF PREST SERVIÇOS ;RECEBIMENTO DE SOFT. SEJ ;;;IGUAÍ - PM;13/03/2020;09/04/2020;QUITADO;imap;1;a94f4d67-9464-4f34-89b0-b5bcfb1890d3;
24042921;450,00; CRED REF PREST SERVIÇOS ;RECEBIMENTO DE SOFT. SAI ;;;CONCEIÇÃO DO JACUÍPE - PM;04/03/2020;13/04/2020;QUITADO;imap;1;fa3564fe-8022-42be-9d4a-5dfaf6763811;
24042271;458,75; CRED REF PREST SERVIÇOS ;RECEBIMENTO DE SOFT. SEJ ;;;TEOFILÂNDIA - PM;17/03/2020;07/04/2020;QUITADO;imap;1;b163a795-a36e-48ea-9c66-25c0c645938c;
24042269;458,75; CRED REF PREST SERVIÇOS ;RECEBIMENTO DE SOFT. SEJ ;;;TEOFILÂNDIA - PM;06/03/2020;07/04/2020;QUITADO;imap;1;6f5c4627-4b27-4b1c-9e80-099e09dbc349;
24042235;480,00; CRED REF PREST SERVIÇOS ;RECEBIMENTO DE SOFT. SEJ ;;;SÍTIO DO QUINTO - PM;17/03/2020;07/04/2020;QUITADO;imap;1;56ec393b-90a3-48c3-85ba-f71d2a0f72f0;
24042965;480,00; CRED REF PREST SERVIÇOS ;RECEBIMENTO DE SOFT. SEJ ;;;EUNÁPOLIS - PM;20/03/2020;13/04/2020;QUITADO;imap;1;30ebe461-5125-4afb-9431-2276ee41312d;
24042675;480,00; CRED REF PREST SERVIÇOS ;RECEBIMENTO DE SOFT. SEJ ;;;IGUAÍ - PM;26/03/2020;09/04/2020;QUITADO;imap;1;22a53e5f-d7ca-4a96-bb63-4ce8fae6cf1e;
24042959;480,00; CRED REF PREST SERVIÇOS ;RECEBIMENTO DE SOFT. SEJ ;;;EUNÁPOLIS - PM;05/03/2020;13/04/2020;QUITADO;imap;1;53bf87c9-7c84-4425-b502-441e06151c2c;
24042949;480,00; CRED REF PREST SERVIÇOS ;RECEBIMENTO DE SOFT. SEJ ;;;EUNÁPOLIS - PM;02/03/2020;13/04/2020;QUITADO;imap;1;736b0569-5a8a-43c3-8154-fca60296f064;
24042645;480,00; CRED REF PREST SERVIÇOS ;RECEBIMENTO DE SOFT. SEJ ;;;PLANALTINO - PM;17/03/2020;09/04/2020;QUITADO;imap;1;e343f21e-953f-4366-a346-e4a2850ac202;
24042961;480,00; CRED REF PREST SERVIÇOS ;RECEBIMENTO DE SOFT. SEJ ;;;EUNÁPOLIS - PM;13/03/2020;13/04/2020;QUITADO;imap;1;348b2e7c-a976-48fb-8bc4-564759968779;
24042637;480,00; CRED REF PREST SERVIÇOS ;RECEBIMENTO DE SOFT. SEJ ;;;PLANALTINO - PM;12/03/2020;09/04/2020;QUITADO;imap;1;c4fa1a94-cc21-4c09-b709-3fd571b98417;
24042989;480,00; CRED REF PREST SERVIÇOS ;RECEBIMENTO DE SOFT. SAI ;;;NOVO JARDIM - PM;01/03/2020;13/04/2020;QUITADO;imap;1;45f9d1a5-5506-48d3-9e29-92cfe2eb29e3;
24042635;480,00; CRED REF PREST SERVIÇOS ;RECEBIMENTO DE SOFT. SEJ ;;;PLANALTINO - PM;10/03/2020;09/04/2020;QUITADO;imap;1;e51dd397-587f-4943-922b-a8b40b57a279;
24042957;480,00; CRED REF PREST SERVIÇOS ;RECEBIMENTO DE SOFT. SEJ ;;;EUNÁPOLIS - PM;05/03/2020;13/04/2020;QUITADO;imap;1;e6494316-5ecf-4011-9397-7539f143d05f;
24042963;480,00; CRED REF PREST SERVIÇOS ;RECEBIMENTO DE SOFT. SEJ ;;;EUNÁPOLIS - PM;19/03/2020;13/04/2020;QUITADO;imap;1;47d8a498-dcdd-49fc-8b9f-a38aa7b29b47;
24042967;480,00; CRED REF PREST SERVIÇOS ;RECEBIMENTO DE SOFT. SEJ ;;;EUNÁPOLIS - PM;20/03/2020;13/04/2020;QUITADO;imap;1;6804ebab-a127-4ffa-89ee-dd2160219839;
24042641;480,00; CRED REF PREST SERVIÇOS ;RECEBIMENTO DE SOFT. SEJ ;;;PLANALTINO - PM;13/03/2020;09/04/2020;QUITADO;imap;1;d855c06b-c97e-4eee-b64b-719afc13f653;
24042955;480,00; CRED REF PREST SERVIÇOS ;RECEBIMENTO DE SOFT. SEJ ;;;EUNÁPOLIS - PM;03/03/2020;13/04/2020;QUITADO;imap;1;1998b395-a6ba-46dd-b591-61990f1597db;
24042643;480,00; CRED REF PREST SERVIÇOS ;RECEBIMENTO DE SOFT. SEJ ;;;PLANALTINO - PM;13/03/2020;09/04/2020;QUITADO;imap;1;3a50f4e4-2be0-4030-9817-addc9feafa10;
24042639;480,00; CRED REF PREST SERVIÇOS ;RECEBIMENTO DE SOFT. SEJ ;;;PLANALTINO - PM;12/03/2020;09/04/2020;QUITADO;imap;1;fa75b9b6-09f1-4fe7-9445-0aaedbc6343f;
24042953;480,00; CRED REF PREST SERVIÇOS ;RECEBIMENTO DE SOFT. SEJ ;;;EUNÁPOLIS - PM;03/03/2020;13/04/2020;QUITADO;imap;1;4e49be20-6641-4858-8d24-6c4f9275d832;
24042951;480,00; CRED REF PREST SERVIÇOS ;RECEBIMENTO DE SOFT. SEJ ;;;EUNÁPOLIS - PM;02/03/2020;13/04/2020;QUITADO;imap;1;7e7fa969-d1aa-4177-9a02-df6f4a361031;
24042037;490,00; CRED REF PREST SERVIÇOS ;RECEBIMENTO DE SOFT. SEJ ;;;ITAPÉ - PM;12/02/2020;01/04/2020;QUITADO;imap;1;c0f9cd29-fa4a-44ac-8d86-df42263fcaf4;
24042109;490,00; CRED REF PREST SERVIÇOS ;RECEBIMENTO DE SOFT. SEJ ;;;PAU BRASIL - PM;09/03/2020;03/04/2020;QUITADO;imap;1;75957262-30df-4c43-b71b-a844fee3f722;
24042523;500,00; CRED REF PREST SERVIÇOS ;RECEBIMENTO DE SOFT. SAI ;;;CONSORCIO P. INTERF DE SAUDE DA R DE PAULO AFONSO;01/04/2020;08/04/2020;QUITADO;imap;1;43efc03b-9569-496e-a22f-be92cdd272ab;
24042777;500,00; CRED REF PREST SERVIÇOS ;RECEBIMENTO DE SOFT. SAI ;;;CONS. PUB INTE DA REGIÃO DE ALAGOINHAS;01/03/2020;09/04/2020;QUITADO;imap;1;5ab2d65b-175f-4c58-8cb0-1bb41446875f;
24042731;500,00; CRED REF PREST SERVIÇOS ;RECEBIMENTO DE SOFT. SAI ;;;SANTA INÊS - PM;01/03/2020;09/04/2020;QUITADO;imap;1;4b26d451-4a19-4da9-ac96-7b830af50abf;
24042607;510,00; CRED REF PREST SERVIÇOS ;RECEBIMENTO DE SOFT. SEJ ;;;ITARANTIM - PM;18/03/2020;09/04/2020;QUITADO;imap;1;b05830be-a144-43fb-b0f2-eeac721a32d1;
24042597;510,00; CRED REF PREST SERVIÇOS ;RECEBIMENTO DE SOFT. SEJ ;;;ITARANTIM - PM;18/03/2020;09/04/2020;QUITADO;imap;1;2400a558-d35a-4c39-8a2b-960dae4023c5;
24042601;510,00; CRED REF PREST SERVIÇOS ;RECEBIMENTO DE SOFT. SEJ ;;;ITARANTIM - PM;18/03/2020;09/04/2020;QUITADO;imap;1;1c93f053-f080-420e-afd5-95ef5027b96b;
24042599;510,00; CRED REF PREST SERVIÇOS ;RECEBIMENTO DE SOFT. SEJ ;;;ITARANTIM - PM;18/03/2020;09/04/2020;QUITADO;imap;1;3d1f36aa-50d7-46bd-b8e0-751da7aa445c;
24042603;510,00; CRED REF PREST SERVIÇOS ;RECEBIMENTO DE SOFT. SEJ ;;;ITARANTIM - PM;18/03/2020;09/04/2020;QUITADO;imap;1;3eeac6c4-441b-4339-b991-ce496e66169e;
24042605;510,00; CRED REF PREST SERVIÇOS ;RECEBIMENTO DE SOFT. SEJ ;;;ITARANTIM - PM;18/03/2020;09/04/2020;QUITADO;imap;1;8f473280-b006-4f90-8b3b-36532464ae8c;
24042609;510,00; CRED REF PREST SERVIÇOS ;RECEBIMENTO DE SOFT. SEJ ;;;ITARANTIM - PM;18/03/2020;09/04/2020;QUITADO;imap;1;ef2508ba-3657-4923-9550-299553846529;
24042893;510,00; CRED REF PREST SERVIÇOS ;RECEBIMENTO DE SOFT. SEJ ;;;BOA NOVA - PM ;20/02/2020;13/04/2020;QUITADO;imap;1;920b2eb7-4649-4b97-8630-b29f14cb79e4;
24042887;510,00; CRED REF PREST SERVIÇOS ;RECEBIMENTO DE SOFT. SEJ ;;;BOA NOVA - PM ;30/12/2019;13/04/2020;QUITADO;imap;1;34797dbf-7748-41ae-91ee-353c7570edf2;
24042889;510,00; CRED REF PREST SERVIÇOS ;RECEBIMENTO DE SOFT. SEJ ;;;BOA NOVA - PM ;06/02/2020;13/04/2020;QUITADO;imap;1;5c686f43-3068-403a-a9ca-f7264460262d;
24042891;510,00; CRED REF PREST SERVIÇOS ;RECEBIMENTO DE SOFT. SEJ ;;;BOA NOVA - PM ;17/02/2020;13/04/2020;QUITADO;imap;1;ec7b2333-218f-4b5a-8a58-554fffc50029;
24042487;512,00; CRED REF PREST SERVIÇOS ;RECEBIMENTO DE SOFT. SEJ ;;;JUSSIAPE - PM;13/01/2020;08/04/2020;QUITADO;imap;1;c390d1e1-2efd-4500-b5cf-011623273bb5;
24042489;512,00; CRED REF PREST SERVIÇOS ;RECEBIMENTO DE SOFT. SEJ ;;;JUSSIAPE - PM;24/01/2020;08/04/2020;QUITADO;imap;1;fed5b9d2-2696-4867-83d7-cdb96a5a93ba;
24042159;513,00; CRED REF PREST SERVIÇOS ;RECEBIMENTO DE SOFT. SEJ ;;;GANDU - PM;31/03/2020;03/04/2020;QUITADO;imap;1;8104ad89-e73d-48b1-805f-3e3c306e698c;
24042153;513,00; CRED REF PREST SERVIÇOS ;RECEBIMENTO DE SOFT. SEJ ;;;GANDU - PM;11/03/2020;03/04/2020;QUITADO;imap;1;261685b5-1446-4b1e-a10e-b18341de94a6;
24042151;513,00; CRED REF PREST SERVIÇOS ;RECEBIMENTO DE SOFT. SEJ ;;;GANDU - PM;09/03/2020;03/04/2020;QUITADO;imap;1;c7ace950-6059-40bb-8f29-6a265d9de9b7;
24042149;513,00; CRED REF PREST SERVIÇOS ;RECEBIMENTO DE SOFT. SEJ ;;;GANDU - PM;02/03/2020;03/04/2020;QUITADO;imap;1;f7c32033-1b46-4d42-b5d3-906581baf92e;
24042155;513,00; CRED REF PREST SERVIÇOS ;RECEBIMENTO DE SOFT. SEJ ;;;GANDU - PM;30/03/2020;03/04/2020;QUITADO;imap;1;3a2e6dc5-bd18-4ad1-ae99-bc21636b806f;
24042157;513,00; CRED REF PREST SERVIÇOS ;RECEBIMENTO DE SOFT. SEJ ;;;GANDU - PM;31/03/2020;03/04/2020;QUITADO;imap;1;6c63b563-d54b-4045-bdf3-08db14b533b8;
24042655;513,00; CRED REF PREST SERVIÇOS ;RECEBIMENTO DE SOFT. SEJ ;;;ITACARE - PM;02/03/2020;09/04/2020;QUITADO;imap;1;a791915f-6a7a-49e9-95bb-46fc2f311897;
24042039;520,00; CRED REF PREST SERVIÇOS ;RECEBIMENTO DE SOFT. SEJ ;;;ITAPÉ - PM;28/02/2020;01/04/2020;QUITADO;imap;1;5463585e-50ce-40a1-bd4d-c47c10daba1f;
24042657;532,00; CRED REF PREST SERVIÇOS ;RECEBIMENTO DE SOFT. SEJ ;;;ITACARE - PM;13/03/2020;09/04/2020;QUITADO;imap;1;b266d612-9a32-48f9-a07b-fef54a242326;
24042051;540,00; CRED REF PREST SERVIÇOS ;RECEBIMENTO DE SOFT. SEJ ;;;SÃO JOSÉ DA VITÓRIA - PM;03/02/2020;01/04/2020;QUITADO;imap;1;e05a900b-0605-4dcc-95e2-ba1bd0a3929e;
24042077;540,00; CRED REF PREST SERVIÇOS ;RECEBIMENTO DE SOFT. SEJ ;;;GUARATINGA - PM;23/01/2020;02/04/2020;QUITADO;imap;1;824a5644-9628-46c0-a4ed-9c78b59243ad;
24042079;540,00; CRED REF PREST SERVIÇOS ;RECEBIMENTO DE SOFT. SEJ ;;;GUARATINGA - PM;23/01/2020;02/04/2020;QUITADO;imap;1;1399c609-4b32-460d-bc8c-4be23f6a67d7;
24042213;540,00; CRED REF PREST SERVIÇOS ;RECEBIMENTO DE SOFT. SEJ ;;;GUARATINGA - PM;12/02/2020;06/04/2020;QUITADO;imap;1;44e79c1e-e4f1-4be7-959b-fe63b4a4b55c;
24042075;540,00; CRED REF PREST SERVIÇOS ;RECEBIMENTO DE SOFT. SEJ ;;;GUARATINGA - PM;20/01/2020;02/04/2020;QUITADO;imap;1;6409ffaa-57e9-48e4-a5fd-6eccc42eeda9;
24042225;540,00; CRED REF PREST SERVIÇOS ;RECEBIMENTO DE SOFT. SAI ;;;NILO PEÇANHA - PM;26/03/2020;06/04/2020;QUITADO;imap;1;57049493-4c44-4e69-b119-0c96a95fcdf0;
24042073;540,00; CRED REF PREST SERVIÇOS ;RECEBIMENTO DE SOFT. SEJ ;;;GUARATINGA - PM;15/01/2020;02/04/2020;QUITADO;imap;1;1b02dc6a-00a8-43c1-b056-9b703cea80d5;
24042811;540,00; CRED REF PREST SERVIÇOS ;RECEBIMENTO DE SOFT. SEJ ;;;JANDAÍRA - PM;05/03/2020;13/04/2020;QUITADO;imap;1;9090af92-9a81-442a-8f1f-5bd0fc0ca4f3;
24042545;550,00; CRED REF PREST SERVIÇOS ;RECEBIMENTO DE SOFT. SAI ;;;BAIANÓPOLIS - PM;01/03/2020;09/04/2020;QUITADO;imap;1;28f258ba-e863-45b9-a34f-29a7699c3507;
24042491;560,00; CRED REF PREST SERVIÇOS ;RECEBIMENTO DE SOFT. SEJ ;;;JUSSIAPE - PM;07/02/2020;08/04/2020;QUITADO;imap;1;5b848398-4a56-4ced-addf-5ebfda76c6e9;
24042561;560,00; CRED REF PREST SERVIÇOS ;RECEBIMENTO DE SOFT. SEJ ;;;ELÍSIO MEDRADO - PM;21/02/2020;09/04/2020;QUITADO;imap;1;bccc610e-b6bb-47b9-87f9-4b72b602dd99;
24042025;570,00; CRED REF PREST SERVIÇOS ;RECEBIMENTO DE SOFT. SEJ ;;;ITAJU DO COLÔNIA - PM;14/02/2020;01/04/2020;QUITADO;imap;1;3e2e822e-3a2b-4bf4-be13-0252149fd2da;
24042693;585,00; CRED REF PREST SERVIÇOS ;RECEBIMENTO DE SOFT. SEJ ;;;ALMADINA - PM;03/03/2020;09/04/2020;QUITADO;imap;1;00e1ed6d-4d93-4d39-8f33-f047105e5c5e;
24042501;600,00; CRED REF PREST SERVIÇOS ;RECEBIMENTO DE SOFT. SAI ;;;ANAGÉ - PM;01/01/2020;08/04/2020;QUITADO;imap;1;414f1d5b-ba98-4959-a6b9-97ac22947319;
24042503;600,00; CRED REF PREST SERVIÇOS ;RECEBIMENTO DE SOFT. SAI ;;;ANAGÉ - PM;01/02/2020;08/04/2020;QUITADO;imap;1;a1ece578-146e-4043-97ff-98fcb52ddc09;
24042505;600,00; CRED REF PREST SERVIÇOS ;RECEBIMENTO DE SOFT. SAI ;;;ANAGÉ - PM;01/03/2020;08/04/2020;QUITADO;imap;1;f2448ed3-c786-4ac8-a120-9eb1bc5d4b9e;
24042181;600,00; CRED REF PREST SERVIÇOS ;RECEBIMENTO DE SOFT. SEJ ;;;BARRA DO ROCHA - PM;05/03/2020;03/04/2020;QUITADO;imap;1;b3a8e63c-5e82-4a35-8941-3fc647d954bc;
24042179;600,00; CRED REF PREST SERVIÇOS ;RECEBIMENTO DE SOFT. SEJ ;;;BARRA DO ROCHA - PM;02/03/2020;03/04/2020;QUITADO;imap;1;b3ac9c53-9404-4db8-a388-f06e58872bc5;
24042231;600,00; CRED REF PREST SERVIÇOS ;RECEBIMENTO DE SOFT. SAI ;;;BOM JESUS DA SERRA - PM;01/03/2020;06/04/2020;QUITADO;imap;1;c69cf5a2-9a5c-4b36-94cf-e9c954400b3c;
24042187;600,00; CRED REF PREST SERVIÇOS ;RECEBIMENTO DE SOFT. SEJ ;;;BARRA DO ROCHA - PM;19/03/2020;03/04/2020;QUITADO;imap;1;e7984f58-119a-47dd-8312-f7e61cf49b38;
24042185;600,00; CRED REF PREST SERVIÇOS ;RECEBIMENTO DE SOFT. SEJ ;;;BARRA DO ROCHA - PM;17/03/2020;03/04/2020;QUITADO;imap;1;a8df4307-ed96-48ef-95ae-aa7c41fc22f4;
24042183;600,00; CRED REF PREST SERVIÇOS ;RECEBIMENTO DE SOFT. SEJ ;;;BARRA DO ROCHA - PM;13/03/2020;03/04/2020;QUITADO;imap;1;e8956cea-caf8-44fc-9db6-e028dc438f89;
24042111;600,00; CRED REF PREST SERVIÇOS ;RECEBIMENTO DE SOFT. SAI ;;;PAU BRASIL - PM;01/03/2020;03/04/2020;QUITADO;imap;1;4cddaab1-2384-44be-a2bc-97fb4c1dd97d;
24042525;600,00; CRED REF PREST SERVIÇOS ;RECEBIMENTO DE SOFT. SAI ;;;CONSORCIO PUBLICO INTERFEDERATIVO DE SAUDE DO OEST;01/03/2020;08/04/2020;QUITADO;imap;1;fcc81055-2503-4a63-aaae-05359f1a31ed;
24042659;608,00; CRED REF PREST SERVIÇOS ;RECEBIMENTO DE SOFT. SEJ ;;;ITACARE - PM;20/03/2020;09/04/2020;QUITADO;imap;1;7051b74b-f5bc-41a5-89b7-243ce8755398;
24042791;636,00; CRED REF PREST SERVIÇOS ;RECEBIMENTO DE SOFT. SEJ ;;;VARZEDO - PM;16/03/2020;13/04/2020;QUITADO;imap;1;15d92a65-474f-4895-a309-920eccc0d17c;
24042493;640,00; CRED REF PREST SERVIÇOS ;RECEBIMENTO DE SOFT. SEJ ;;;JUSSIAPE - PM;13/01/2020;08/04/2020;QUITADO;imap;1;6040eeed-db13-4967-b71c-bb475f78944f;
24042495;640,00; CRED REF PREST SERVIÇOS ;RECEBIMENTO DE SOFT. SEJ ;;;JUSSIAPE - PM;24/01/2020;08/04/2020;QUITADO;imap;1;13179489-2653-462e-87ac-91248c883ffb;
24042551;640,00; CRED REF PREST SERVIÇOS ;RECEBIMENTO DE SOFT. SAI ;;;TANHAÇU - PM;01/04/2020;09/04/2020;QUITADO;imap;1;7d3471bc-e04a-42b4-89f2-d84ab6738358;
24042679;640,00; CRED REF PREST SERVIÇOS ;RECEBIMENTO DE SOFT. SEJ ;;;IGUAÍ - PM;13/03/2020;09/04/2020;QUITADO;imap;1;c2e55469-f458-4e50-ace7-96a5c5490a1e;
24042973;640,00; CRED REF PREST SERVIÇOS ;RECEBIMENTO DE SOFT. SEJ ;;;EUNÁPOLIS - PM;13/03/2020;13/04/2020;QUITADO;imap;1;435bb376-09e4-41da-af23-fd11d583a5ef;
24042975;640,00; CRED REF PREST SERVIÇOS ;RECEBIMENTO DE SOFT. SEJ ;;;EUNÁPOLIS - PM;19/03/2020;13/04/2020;QUITADO;imap;1;16b746c5-488e-4ef6-9c68-ad05df57a515;
24042969;640,00; CRED REF PREST SERVIÇOS ;RECEBIMENTO DE SOFT. SEJ ;;;EUNÁPOLIS - PM;03/03/2020;13/04/2020;QUITADO;imap;1;b8f7b9a6-7cdc-4a77-bc66-70f030d3504e;
24042971;640,00; CRED REF PREST SERVIÇOS ;RECEBIMENTO DE SOFT. SEJ ;;;EUNÁPOLIS - PM;10/03/2020;13/04/2020;QUITADO;imap;1;1bbf3f67-86b5-4e08-8287-2361b6c5051a;
24042799;640,00; CRED REF PREST SERVIÇOS ;RECEBIMENTO DE SOFT. SEJ ;;;APORA - PM;06/03/2020;13/04/2020;QUITADO;imap;1;fdde377e-5977-4541-b3a0-8cfc5eaa9340;
24042801;640,00; CRED REF PREST SERVIÇOS ;RECEBIMENTO DE SOFT. SAI ;;;COTEGIPE - PM;01/04/2020;13/04/2020;QUITADO;imap;1;fee03f81-dc1b-4dbc-ba95-12a57fb9a8ea;
24042677;640,00; CRED REF PREST SERVIÇOS ;RECEBIMENTO DE SOFT. SEJ ;;;IGUAÍ - PM;13/03/2020;09/04/2020;QUITADO;imap;1;2fc48dce-2efc-4883-9956-7ce758ab23f9;
24042237;650,00; CRED REF PREST SERVIÇOS ;RECEBIMENTO DE SOFT. SAI ;;;SÍTIO DO QUINTO - PM;01/03/2020;07/04/2020;QUITADO;imap;1;7bb43112-7325-4356-836a-c0fbe9c2abff;
24042311;650,00; CRED REF PREST SERVIÇOS ;RECEBIMENTO DE SOFT. SAI ;;;ITACARÉ - CM;01/03/2020;07/04/2020;QUITADO;imap;1;5e563c21-bcc0-4f25-a746-3d16bb106966;
24042695;650,00; CRED REF PREST SERVIÇOS ;RECEBIMENTO DE SOFT. SEJ ;;;ALMADINA - PM;09/03/2020;09/04/2020;QUITADO;imap;1;d6f259e0-7e93-4dc7-9df6-276335787e6b;
24042991;650,00; CRED REF PREST SERVIÇOS ;RECEBIMENTO DE SOFT. SAI ;;;FILADÉLFIA - CM;01/04/2020;13/04/2020;QUITADO;imap;1;7ebc7159-1185-4669-b171-c47823ed4db4;
24042519;660,00; CRED REF PREST SERVIÇOS ;RECEBIMENTO DE SOFT. SEJ ;;;MUQUÉM DO SÃO FRANCISCO - PM;06/03/2020;08/04/2020;QUITADO;imap;1;c461bb42-d2f2-47a7-8828-f53e9a8aea8a;
24042649;660,00; CRED REF PREST SERVIÇOS ;RECEBIMENTO DE SOFT. SAI ;;;DOM MACEDO COSTA - PM;01/04/2020;09/04/2020;QUITADO;imap;1;d77ad223-bc58-4291-b8e9-bfed9622b1fa;
24042309;665,00; CRED REF PREST SERVIÇOS ;RECEBIMENTO DE SOFT. SAI ;;;RIO DE CONTAS - PM;01/03/2020;07/04/2020;QUITADO;imap;1;07049532-9cf2-482d-8e56-dc4bffeff4b7;
24042513;665,00; CRED REF PREST SERVIÇOS ;RECEBIMENTO DE SOFT. SAI ;;;BANZAÊ - PM;01/03/2020;08/04/2020;QUITADO;imap;1;f70a0ba8-37ef-4aef-a7ce-f63244554cad;
24042529;665,00; CRED REF PREST SERVIÇOS ;RECEBIMENTO DE SOFT. SAI ;;;TANQUE NOVO - PM;01/03/2020;09/04/2020;QUITADO;imap;1;683ddbdb-ab29-40cb-9078-c1333c241310;
24042555;665,00; CRED REF PREST SERVIÇOS ;RECEBIMENTO DE SOFT. SAI ;;;RIO DO ANTÔNIO - PM;01/03/2020;09/04/2020;QUITADO;imap;1;acb084ca-fa1e-417f-a5ff-34d9ed8fa6c0;
24042217;665,00; CRED REF PREST SERVIÇOS ;RECEBIMENTO DE SOFT. SAI ;;;BARRA DA ESTIVA - PM;01/03/2020;06/04/2020;QUITADO;imap;1;9d554e38-9372-4854-a499-0274d3f080fc;
24042877;665,00; CRED REF PREST SERVIÇOS ;RECEBIMENTO DE SOFT. SAI ;;;PLANALTO - PM;01/04/2020;13/04/2020;QUITADO;imap;1;3092a3a0-88a2-4d19-8406-f2c48dfcb144;
24042987;665,00; CRED REF PREST SERVIÇOS ;RECEBIMENTO DE SOFT. SAI ;;;SÃO JOSÉ DO JACUÍPE - PM;01/03/2020;13/04/2020;QUITADO;imap;1;609480a5-5569-49dc-846f-3b86a7dbd501;
24042895;665,00; CRED REF PREST SERVIÇOS ;RECEBIMENTO DE SOFT. SAI ;;;BOA NOVA - PM ;01/01/2020;13/04/2020;QUITADO;imap;1;c621cda2-859b-4f86-8f12-e95f22500273;
24042611;680,00; CRED REF PREST SERVIÇOS ;RECEBIMENTO DE SOFT. SEJ ;;;ITARANTIM - PM;02/03/2020;09/04/2020;QUITADO;imap;1;f94cdb72-f320-43af-9653-05a91d4a97bb;
24042617;680,00; CRED REF PREST SERVIÇOS ;RECEBIMENTO DE SOFT. SEJ ;;;ITARANTIM - PM;18/03/2020;09/04/2020;QUITADO;imap;1;40fab637-37b9-4b51-b07d-522d57ccd34e;
24042615;680,00; CRED REF PREST SERVIÇOS ;RECEBIMENTO DE SOFT. SEJ ;;;ITARANTIM - PM;18/03/2020;09/04/2020;QUITADO;imap;1;4182389d-0422-4779-a97d-13483efbb4e9;
24042621;680,00; CRED REF PREST SERVIÇOS ;RECEBIMENTO DE SOFT. SEJ ;;;ITARANTIM - PM;18/03/2020;09/04/2020;QUITADO;imap;1;4686b6ff-a65e-46bc-87de-c6e96ab97287;
24042619;680,00; CRED REF PREST SERVIÇOS ;RECEBIMENTO DE SOFT. SEJ ;;;ITARANTIM - PM;18/03/2020;09/04/2020;QUITADO;imap;1;c9975858-ed59-42ba-b2f5-80f735f5a914;
24042623;680,00; CRED REF PREST SERVIÇOS ;RECEBIMENTO DE SOFT. SEJ ;;;ITARANTIM - PM;24/03/2020;09/04/2020;QUITADO;imap;1;8ac0aebb-889a-4d37-9a92-cc6b069d901b;
24042613;680,00; CRED REF PREST SERVIÇOS ;RECEBIMENTO DE SOFT. SEJ ;;;ITARANTIM - PM;18/03/2020;09/04/2020;QUITADO;imap;1;7d2107ca-f324-4515-b5aa-7c5091b65c05;
24042463;698,00; CRED REF PREST SERVIÇOS ;RECEBIMENTO DE SOFT. SAI ;;;PM PERREIRO;01/03/2020;08/04/2020;QUITADO;imap;1;3e9e2df9-1b95-4219-b811-a9cf96730361;
24042013;700,00; CRED REF PREST SERVIÇOS ;RECEBIMENTO DE SOFT. SAI ;;;SAO BENEDITO - PM;01/02/2020;01/04/2020;QUITADO;imap;1;20e7fc83-1e76-4b7e-8a78-01be5ae43cc1;
24042017;700,00; CRED REF PREST SERVIÇOS ;RECEBIMENTO DE SOFT. SAI ;;;OURIÇANGAS - PM;01/03/2020;01/04/2020;QUITADO;imap;1;07a2d3d2-d26c-4850-8422-18488ec1a2c3;
24042253;700,00; CRED REF PREST SERVIÇOS ;RECEBIMENTO DE SOFT. SAI ;;;ARATUÍPE - PM;01/03/2020;07/04/2020;QUITADO;imap;1;38d6b935-bcaa-4f52-bfa7-a2958a90ff80;
24042015;700,00; CRED REF PREST SERVIÇOS ;RECEBIMENTO DE SOFT. SAI ;;;SAO BENEDITO - PM;01/03/2020;01/04/2020;QUITADO;imap;1;096cd455-2871-4dfc-b6e8-911115654657;
24042251;700,00; CRED REF PREST SERVIÇOS ;RECEBIMENTO DE SOFT. SAI ;;;ARATUÍPE - PM;01/02/2020;07/04/2020;QUITADO;imap;1;d9bd8e16-7fba-47b5-b98d-fc5a0f2c1798;
24042301;720,00; CRED REF PREST SERVIÇOS ;RECEBIMENTO DE SOFT. SAI ;;;BOM JESUS DA LAPA - PM;17/03/2020;07/04/2020;QUITADO;imap;1;3267717f-726d-4be6-b656-fdd993e10fb2;
24042303;720,00; CRED REF PREST SERVIÇOS ;RECEBIMENTO DE SOFT. SAI ;;;BOM JESUS DA LAPA - PM;31/03/2020;07/04/2020;QUITADO;imap;1;edea0f79-e3f7-4cb2-bcde-20a7cf86afe0;
24042765;720,00; CRED REF PREST SERVIÇOS ;RECEBIMENTO DE SOFT. SEJ ;;;ITABELA - PM;11/03/2020;09/04/2020;QUITADO;imap;1;414ffb9f-8d9e-4ddf-9e4b-845a44ec1af6;
24042817;720,00; CRED REF PREST SERVIÇOS ;RECEBIMENTO DE SOFT. SEJ ;;;JANDAÍRA - PM;24/03/2020;13/04/2020;QUITADO;imap;1;06c58b1d-dd8b-4278-8898-7ca92da06ffa;
24042763;720,00; CRED REF PREST SERVIÇOS ;RECEBIMENTO DE SOFT. SEJ ;;;ITABELA - PM;11/03/2020;09/04/2020;QUITADO;imap;1;f7c5cbbd-190b-48a3-99d0-5c2ffd6e9bbd;
24042815;720,00; CRED REF PREST SERVIÇOS ;RECEBIMENTO DE SOFT. SEJ ;;;JANDAÍRA - PM;18/03/2020;13/04/2020;QUITADO;imap;1;7a324f35-3bf6-4064-add1-f6f208e4d89d;
24042813;720,00; CRED REF PREST SERVIÇOS ;RECEBIMENTO DE SOFT. SEJ ;;;JANDAÍRA - PM;16/03/2020;13/04/2020;QUITADO;imap;1;becf0cf4-01b5-46fa-97c0-899ee00d24ff;
24042569;750,00; CRED REF PREST SERVIÇOS ;RECEBIMENTO DE SOFT. SAI ;;;PIRIPÁ - PM;01/02/2020;09/04/2020;QUITADO;imap;1;007caa63-78e3-46e4-bea7-b569703374e9;
24042539;750,00; CRED REF PREST SERVIÇOS ;RECEBIMENTO DE SOFT. SAI ;;;PEDRÃO - PM;01/03/2020;09/04/2020;QUITADO;imap;1;be1f8916-b5a2-4a01-8b9b-02410a0d7caf;
24042869;750,00; CRED REF PREST SERVIÇOS ;RECEBIMENTO DE SOFT. SEJ ;;;NAZARÉ - PM;19/06/2019;13/04/2020;QUITADO;imap;1;d2fae663-3a59-41c8-805b-364af93ffa7b;
24042871;750,00; CRED REF PREST SERVIÇOS ;RECEBIMENTO DE SOFT. SEJ ;;;NAZARÉ - PM;19/06/2019;13/04/2020;QUITADO;imap;1;75e2f5c2-c5cf-4b1e-859e-081e07642f62;
24042553;760,00; CRED REF PREST SERVIÇOS ;RECEBIMENTO DE SOFT. SAI ;;;MORTUGABA- PM;01/03/2020;09/04/2020;QUITADO;imap;1;9514bb4d-b2a0-4268-b9c2-bb67e135dc6c;
24042041;780,00; CRED REF PREST SERVIÇOS ;RECEBIMENTO DE SOFT. SEJ ;;;ITAPÉ - PM;12/02/2020;01/04/2020;QUITADO;imap;1;97872043-30d1-4bc5-b3fc-cf52d82c0c9e;
24042819;780,00; CRED REF PREST SERVIÇOS ;RECEBIMENTO DE SOFT. SEJ ;;;JANDAÍRA - PM;13/03/2020;13/04/2020;QUITADO;imap;1;1348f904-c7a0-429c-9bde-d832d98eadad;
24042113;784,00; CRED REF PREST SERVIÇOS ;RECEBIMENTO DE SOFT. SEJ ;;;PAU BRASIL - PM;13/03/2020;03/04/2020;QUITADO;imap;1;7dfae501-13b3-4eda-86d3-85c341d1a237;
24042521;800,00; CRED REF PREST SERVIÇOS ;RECEBIMENTO DE SOFT. SAI ;;;MUQUÉM DO SÃO FRANCISCO - PM;01/03/2020;08/04/2020;QUITADO;imap;1;a2dc88a7-f4cc-40df-9667-5ed84c68ab80;
24042191;800,00; CRED REF PREST SERVIÇOS ;RECEBIMENTO DE SOFT. SEJ ;;;BARRA DO ROCHA - PM;19/03/2020;03/04/2020;QUITADO;imap;1;148180e9-a8fc-4f65-a4ac-8a19e06b1156;
24042189;800,00; CRED REF PREST SERVIÇOS ;RECEBIMENTO DE SOFT. SEJ ;;;BARRA DO ROCHA - PM;16/03/2020;03/04/2020;QUITADO;imap;1;774fde7e-b86b-48b0-8b37-7dd47d450cbf;
24042085;830,00; CRED REF PREST SERVIÇOS ;RECEBIMENTO DE SOFT. SAI ;;;ANTÔNIO GONÇALVES - PM;01/01/2020;02/04/2020;QUITADO;imap;1;dccbe848-ba90-4f0d-ae06-face4e7779d0;
24042507;850,00; CRED REF PREST SERVIÇOS ;RECEBIMENTO DE SOFT. SEJ ;;;PALMEIRAS - PM;17/03/2020;08/04/2020;QUITADO;imap;1;bccfe941-04b6-4e2e-8497-e451e43890c7;
24042199;850,00; CRED REF PREST SERVIÇOS ;RECEBIMENTO DE SOFT. SAI ;;;RIBEIRÓPOLIS - PM;01/03/2020;06/04/2020;QUITADO;imap;1;7eff4940-2661-4052-951f-4f1763508b69;
24042661;855,00; CRED REF PREST SERVIÇOS ;RECEBIMENTO DE SOFT. SEJ ;;;ITACARE - PM;13/03/2020;09/04/2020;QUITADO;imap;1;3bff56ba-af94-4cb6-966d-180495601674;
24042911;865,00; CRED REF PREST SERVIÇOS ;RECEBIMENTO DE SOFT. SAI ;;;SANTA BRÍGIDA - PM;01/04/2020;13/04/2020;QUITADO;imap;1;0e929496-2601-4c76-b8be-53e27bcd714a;
24042509;900,00; CRED REF PREST SERVIÇOS ;RECEBIMENTO DE SOFT. SAI ;;;PALMEIRAS - PM;01/03/2020;08/04/2020;QUITADO;imap;1;935311e2-7e25-4170-b02a-a459003e06be;
24042227;900,00; CRED REF PREST SERVIÇOS ;RECEBIMENTO DE SOFT. SAI ;;;NILO PEÇANHA - PM;01/03/2020;06/04/2020;QUITADO;imap;1;f424ab99-24d7-484d-8bc2-7c0e5e75aaa3;
24042633;900,00; CRED REF PREST SERVIÇOS ;RECEBIMENTO DE SOFT. SAI ;;;MARCIONILIO SOUZA - PM;01/03/2020;09/04/2020;QUITADO;imap;1;083cdbd5-9c16-48f4-a3bf-74afcd5303c6;
24042631;900,00; CRED REF PREST SERVIÇOS ;RECEBIMENTO DE SOFT. SEJ ;;;IRAJUBA - PM;06/02/2020;09/04/2020;QUITADO;imap;1;ac801fd4-33ec-4ed4-9cb5-46cdf09477dc;
24042721;912,00; CRED REF PREST SERVIÇOS ;RECEBIMENTO DE SOFT. SAI ;;;URUÇUCA - PM;01/03/2020;09/04/2020;QUITADO;imap;1;607c2574-9baa-48fc-b34a-1eec8766d142;
24042119;930,00; CRED REF PREST SERVIÇOS ;RECEBIMENTO DE SOFT. SAI ;;;ITABERABA - PM;16/03/2020;03/04/2020;QUITADO;imap;1;c39fc395-ddf7-4375-b4f1-0effdbdaa710;
24042737;936,00; CRED REF PREST SERVIÇOS ;RECEBIMENTO DE SOFT. SEJ ;;;BELO CAMPO - PM ;06/03/2020;09/04/2020;QUITADO;imap;1;6204fa9f-f485-4860-83de-45c7240a2fee;
24042681;937,50; CRED REF PREST SERVIÇOS ;RECEBIMENTO DE SOFT. SAI ;;;IGUAÍ - PM;01/03/2020;09/04/2020;QUITADO;imap;1;d3b930ed-443a-41d0-b392-44fe3863e795;
24042683;975,00; CRED REF PREST SERVIÇOS ;RECEBIMENTO DE SOFT. SEJ ;;;IGUAÍ - PM;17/03/2020;09/04/2020;QUITADO;imap;1;a1b7ccd5-cb27-43a1-95b2-c97c0237f43b;
24042685;975,00; CRED REF PREST SERVIÇOS ;RECEBIMENTO DE SOFT. SEJ ;;;IGUAÍ - PM;17/03/2020;09/04/2020;QUITADO;imap;1;b24dda8f-60f4-4a09-bf2c-c8dc21f6a3fb;
24042115;980,00; CRED REF PREST SERVIÇOS ;RECEBIMENTO DE SOFT. SEJ ;;;PAU BRASIL - PM;09/03/2020;03/04/2020;QUITADO;imap;1;b53811a5-b1fe-4158-94b3-d04208c1dd2c;
24042517;1.000,00; CRED REF PREST SERVIÇOS ;RECEBIMENTO DE SOFT. SAI ;;;RIBEIRÃO DO LARGO - PM;01/03/2020;08/04/2020;QUITADO;imap;1;b1c4eb0e-641c-45a4-8bd2-a2d74f9a6e89;
24042123;1.000,00; CRED REF PREST SERVIÇOS ;RECEBIMENTO DE SOFT. SAI ;;;SALINAS DA MARGARIDA - PM;01/03/2020;03/04/2020;QUITADO;imap;1;572b7ac9-e1ad-4f7c-8956-7608d851b073;
24042563;1.000,00; CRED REF PREST SERVIÇOS ;RECEBIMENTO DE SOFT. SAI ;;;ELÍSIO MEDRADO - PM;01/02/2020;09/04/2020;QUITADO;imap;1;9724303e-6fcf-41e7-ba7c-5380293a2cef;
24042197;1.000,00; CRED REF PREST SERVIÇOS ;RECEBIMENTO DE SOFT. SAI ;;;NOSSA SENHORA APARECIDA - PM;01/02/2020;06/04/2020;QUITADO;imap;1;5aa856f2-28a7-4813-bc3e-b19e575b8db7;
24042499;1.000,00; CRED REF PREST SERVIÇOS ;RECEBIMENTO DE SOFT. SAI ;;;NOVA ITARANA - PM;01/01/2020;08/04/2020;QUITADO;imap;1;2dba0280-8d39-405d-ae92-4019aeb4790c;
24042691;1.000,00; CRED REF PREST SERVIÇOS ;RECEBIMENTO DE SOFT. SAI ;;;CALDEIRÃO GRANDE - PM;01/03/2020;09/04/2020;QUITADO;imap;1;a4121794-2ee1-4f55-b561-45fd042692f5;
24042907;1.000,00; CRED REF PREST SERVIÇOS ;RECEBIMENTO DE SOFT. SAI ;;;ITAJUÍPE - PM;01/02/2020;13/04/2020;QUITADO;imap;1;8556e97c-a716-4334-a9ac-ef3c3530edc2;
24042767;1.000,00; CRED REF PREST SERVIÇOS ;RECEBIMENTO DE SOFT. SIGEM;;;ITABELA - PM;01/03/2020;09/04/2020;QUITADO;imap;1;f71e963f-71e8-47f0-abc8-c4b2948f34f3;
24042803;1.000,00; CRED REF PREST SERVIÇOS ;RECEBIMENTO DE SOFT. SAI ;;;CONDEÚBA - PM;01/03/2020;13/04/2020;QUITADO;imap;1;a879ddd2-e0f3-4294-b20e-490a6a8b6d0d;
24042697;1.020,00; CRED REF PREST SERVIÇOS ;RECEBIMENTO DE SOFT. SEJ ;;;ALMADINA - PM;03/03/2020;09/04/2020;QUITADO;imap;1;72190bc9-dd09-4608-a8ab-aefad30443f6;
24042821;1.020,00; CRED REF PREST SERVIÇOS ;RECEBIMENTO DE SOFT. SEJ ;;;JANDAÍRA - PM;06/03/2020;13/04/2020;QUITADO;imap;1;87b8532a-4038-48c7-a4f9-62bffa8e5b26;
24042663;1.026,00; CRED REF PREST SERVIÇOS ;RECEBIMENTO DE SOFT. SEJ ;;;ITACARE - PM;13/03/2020;09/04/2020;QUITADO;imap;1;a8f16620-ffec-4fd7-a109-fcdf9f6b19d9;
24042229;1.080,00; CRED REF PREST SERVIÇOS ;RECEBIMENTO DE SOFT. SAI ;;;NILO PEÇANHA - PM;19/03/2020;06/04/2020;QUITADO;imap;1;13b2c250-9520-44bb-a11d-e64979dcdd9c;
24042873;1.080,00; CRED REF PREST SERVIÇOS ;RECEBIMENTO DE SOFT. SEJ ;;;NAZARÉ - PM;19/06/2019;13/04/2020;QUITADO;imap;1;b6f71cda-7bd2-42f8-a1ca-21aa1a35837c;
24042823;1.080,00; CRED REF PREST SERVIÇOS ;RECEBIMENTO DE SOFT. SEJ ;;;JANDAÍRA - PM;05/03/2020;13/04/2020;QUITADO;imap;1;fc160f1f-707d-4c59-89e1-c38fab3dca0d;
24042273;1.100,00; CRED REF PREST SERVIÇOS ;RECEBIMENTO DE SOFT. SAI ;;;IBIRAPITANGA - PM;20/03/2020;07/04/2020;QUITADO;imap;1;5da8fb48-d39f-48a9-b7bd-c1fa2d0658e7;
24042527;1.100,00; CRED REF PREST SERVIÇOS ;RECEBIMENTO DE SOFT. SAI ;;;MASSARANDUBA- PM;01/03/2020;09/04/2020;QUITADO;imap;1;4fca5aa8-c115-483e-8a4f-250d259e5763;
24042029;1.111,50; CRED REF PREST SERVIÇOS ;RECEBIMENTO DE SOFT. SAI ;;;ITAJU DO COLÔNIA - PM;01/02/2020;01/04/2020;QUITADO;imap;1;7106cc5e-c80d-4e38-8036-ab0fb0920eba;
24042027;1.111,50; CRED REF PREST SERVIÇOS ;RECEBIMENTO DE SOFT. SAI ;;;ITAJU DO COLÔNIA - PM;01/01/2020;01/04/2020;QUITADO;imap;1;dcbb24a1-0f7d-4079-bcfd-e14029eadd9c;
24042977;1.120,00; CRED REF PREST SERVIÇOS ;RECEBIMENTO DE SOFT. SEJ ;;;EUNÁPOLIS - PM;20/03/2020;13/04/2020;QUITADO;imap;1;6b3595da-08b7-4047-a5a8-399a4ac01c3c;
24042031;1.140,00; CRED REF PREST SERVIÇOS ;RECEBIMENTO DE SOFT. SEJ ;;;ITAJU DO COLÔNIA - PM;19/12/2019;01/04/2020;QUITADO;imap;1;815fafbd-0b7e-4b47-8ecf-a454a4c57ee7;
24042057;1.182,00; CRED REF PREST SERVIÇOS ;RECEBIMENTO DE SOFT. SAI ;;;SÃO DOMINGOS  (SE) - PM;01/02/2020;02/04/2020;QUITADO;imap;1;f42ceed6-029f-4f61-916f-6e4cb8d72ef3;
24042055;1.182,00; CRED REF PREST SERVIÇOS ;RECEBIMENTO DE SOFT. SAI ;;;SÃO DOMINGOS  (SE) - PM;01/01/2020;02/04/2020;QUITADO;imap;1;1be25f15-d350-468b-92ff-b56cd1f12f36;
24042161;1.187,50; CRED REF PREST SERVIÇOS ;RECEBIMENTO DE SOFT. SAI ;;;GANDU - PM;01/03/2020;03/04/2020;QUITADO;imap;1;49021891-dfec-4dd0-88a4-5e9408fafe58;
24042515;1.200,00; CRED REF PREST SERVIÇOS ;RECEBIMENTO DE SOFT. SIAM ;;;BANZAÊ - PM;01/03/2020;08/04/2020;QUITADO;imap;1;20cdc799-0359-44f8-817e-fd63fef0ae21;
24042565;1.200,00; CRED REF PREST SERVIÇOS ;RECEBIMENTO DE SOFT. SAI ;;;SANTA TERESINHA - PM;01/01/2020;09/04/2020;QUITADO;imap;1;3779c4b9-3743-4a45-943f-d5a30ef40e31;
24042021;1.200,00; CRED REF PREST SERVIÇOS ;RECEBIMENTO DE SOFT. SAI ;;;RIBEIRA DO AMPARO - PM;01/01/2020;01/04/2020;QUITADO;imap;1;497b5656-e717-40b2-af88-79dc5cd2a30b;
24042567;1.200,00; CRED REF PREST SERVIÇOS ;RECEBIMENTO DE SOFT. SAI ;;;SANTA TERESINHA - PM;01/02/2020;09/04/2020;QUITADO;imap;1;eedaea31-2044-4f1b-92a0-c6fabdc40d49;
24042647;1.200,00; CRED REF PREST SERVIÇOS ;RECEBIMENTO DE SOFT. SAI ;;;PLANALTINO - PM;01/02/2020;09/04/2020;QUITADO;imap;1;563f58f7-d37d-4358-bcfd-f20547c7452b;
24042875;1.200,00; CRED REF PREST SERVIÇOS ;RECEBIMENTO DE SOFT. SAI ;;;RIBEIRA DO AMPARO - PM;01/02/2020;13/04/2020;QUITADO;imap;1;be8b0bf1-06d4-4bf9-9b28-73ae01a850de;
24042625;1.200,00; CRED REF PREST SERVIÇOS ;RECEBIMENTO DE SOFT. SAI ;;;ITARANTIM - PM;01/03/2020;09/04/2020;QUITADO;imap;1;6fd433dd-8b04-4147-b6a5-cac6d0b57525;
24042089;1.240,00; CRED REF PREST SERVIÇOS ;RECEBIMENTO DE SOFT. SIAM ;;;GRAÇA - PM;01/01/2020;02/04/2020;QUITADO;imap;1;58d2b4cf-25a9-46c7-8505-ad83cc58ad60;
24042019;1.250,00; CRED REF PREST SERVIÇOS ;RECEBIMENTO DE SOFT. SAI ;;;JAGUARIPE - PM;01/03/2020;01/04/2020;QUITADO;imap;1;d9c8f54e-4608-4947-bd69-e22651bca9a0;
24042755;1.250,00; CRED REF PREST SERVIÇOS ;RECEBIMENTO DE SOFT. SAI ;;;AURELINO LEAL - PM;01/03/2020;09/04/2020;QUITADO;imap;1;59caa4d9-0620-4e73-8db6-7e48255a72f1;
24042897;1.250,00; CRED REF PREST SERVIÇOS ;RECEBIMENTO DE SOFT. SAI ;;;ITAPITANGA - PM;01/03/2020;13/04/2020;QUITADO;imap;1;ac2e417c-5ca8-4cc1-b4a1-e3165572eed5;
24042531;1.262,00; CRED REF PREST SERVIÇOS ;RECEBIMENTO DE SOFT. SAI ;;;BARRO ALTO - PM;01/02/2020;09/04/2020;QUITADO;imap;1;0e20a372-ce1d-49a8-b04e-c6e93ae6fb6e;
24042785;1.273,00; CRED REF PREST SERVIÇOS ;RECEBIMENTO DE SOFT. SAI ;;;IGACI - PM;01/03/2020;13/04/2020;QUITADO;imap;1;d41a7041-5c1c-4e31-abff-0239a06ffd5b;
24042465;1.278,00; CRED REF PREST SERVIÇOS ;RECEBIMENTO DE SOFT. SIAM ;;;PM PERREIRO;01/03/2020;08/04/2020;QUITADO;imap;1;75f48d21-0c5d-48cc-9adf-77ff5c562f94;
24042981;1.280,00; CRED REF PREST SERVIÇOS ;RECEBIMENTO DE SOFT. SEJ ;;;EUNÁPOLIS - PM;05/03/2020;13/04/2020;QUITADO;imap;1;c3eb5355-fdb9-43e2-a685-2ec005781c56;
24042979;1.280,00; CRED REF PREST SERVIÇOS ;RECEBIMENTO DE SOFT. SEJ ;;;EUNÁPOLIS - PM;02/03/2020;13/04/2020;QUITADO;imap;1;fd1a2fd0-5dbb-483f-bf2c-438748095199;
24042193;1.300,00; CRED REF PREST SERVIÇOS ;RECEBIMENTO DE SOFT. SAI ;;;BARRA DO ROCHA - PM;01/03/2020;03/04/2020;QUITADO;imap;1;37e97ce2-6f8d-4b00-b29d-98031ee2aa38;
24042043;1.300,00; CRED REF PREST SERVIÇOS ;RECEBIMENTO DE SOFT. SEJ ;;;ITAPÉ - PM;12/02/2020;01/04/2020;QUITADO;imap;1;3a8bcb2c-25d7-42f4-be6e-5a4347ac493f;
24042825;1.300,00; CRED REF PREST SERVIÇOS ;RECEBIMENTO DE SOFT. SAI ;;;JANDAÍRA - PM;01/03/2020;13/04/2020;QUITADO;imap;1;6ae62732-e5c3-4a0d-8409-4b271e83d499;
24042053;1.350,00; CRED REF PREST SERVIÇOS ;RECEBIMENTO DE SOFT. SAI ;;;SÃO JOSÉ DA VITÓRIA - PM;01/01/2020;01/04/2020;QUITADO;imap;1;e7f2d2bd-430f-4dc3-ac0f-bcba93e86ef4;
24042909;1.350,00; CRED REF PREST SERVIÇOS ;RECEBIMENTO DE SOFT. SIGEM;;;ITAJUÍPE - PM;01/02/2020;13/04/2020;QUITADO;imap;1;c229aa4c-a27d-4d59-8586-b6bb13763e95;
24042125;1.400,00; CRED REF PREST SERVIÇOS ;RECEBIMENTO DE SOFT. SIAM ;;;MIGUEL CAMON - PM;01/03/2020;03/04/2020;QUITADO;imap;1;11fdf5ca-e53e-4216-a3df-cd1fcc1c7da3;
24042275;1.400,00; CRED REF PREST SERVIÇOS ;RECEBIMENTO DE SOFT. SAI ;;;IBIRAPITANGA - PM;01/03/2020;07/04/2020;QUITADO;imap;1;51b35832-b228-4928-9133-9fd73e28fe68;
24042913;1.400,00; CRED REF PREST SERVIÇOS ;RECEBIMENTO DE SOFT. SAI ;;;QUIMADAS - PM;01/03/2020;13/04/2020;QUITADO;imap;1;df994349-63b0-4c0e-a6a8-20543a0f1b5c;
24042689;1.440,00; CRED REF PREST SERVIÇOS ;RECEBIMENTO DE SOFT. SEJ ;;;IGUAÍ - PM;17/03/2020;09/04/2020;QUITADO;imap;1;7625c63a-30c1-4134-b4a1-93d4ea6e401f;
24042687;1.440,00; CRED REF PREST SERVIÇOS ;RECEBIMENTO DE SOFT. SEJ ;;;IGUAÍ - PM;17/03/2020;09/04/2020;QUITADO;imap;1;77bb7935-7292-4851-918e-73ac7cf868c6;
24042547;1.450,00; CRED REF PREST SERVIÇOS ;RECEBIMENTO DE SOFT. SAI ;;;JUSSARI - PM;01/01/2020;09/04/2020;QUITADO;imap;1;d1088dda-645c-4676-be5b-50015d74f0f4;
24042091;1.460,00; CRED REF PREST SERVIÇOS ;RECEBIMENTO DE SOFT. SIGEM;;;SME CRISTOPOLIS;01/02/2020;02/04/2020;QUITADO;imap;1;975a44a1-57c9-49f0-8dfd-27abf673df0f;
24042699;1.465,00; CRED REF PREST SERVIÇOS ;RECEBIMENTO DE SOFT. SAI ;;;ALMADINA - PM;01/03/2020;09/04/2020;QUITADO;imap;1;3d1eb0cd-b4fa-455e-be1f-5a1268a78d11;
24042867;1.466,00; CRED REF PREST SERVIÇOS ;RECEBIMENTO DE SOFT. SAI ;;;ITORORÓ - PM;01/03/2020;13/04/2020;QUITADO;imap;1;6ca4bd04-c6b8-41f2-9790-d9c42631d05a;
24042549;1.470,00; CRED REF PREST SERVIÇOS ;RECEBIMENTO DE SOFT. SAI ;;;PIATÃ - PM;01/03/2020;09/04/2020;QUITADO;imap;1;116dbac2-70bf-4ea8-94c9-85b45fd8a45f;
24042105;1.500,00; CRED REF PREST SERVIÇOS ;RECEBIMENTO DE SOFT. SAI ;;;LIVRAMENTO DE NOSSA SENHORA - PM;01/03/2020;03/04/2020;QUITADO;imap;1;12b1f56e-2285-47bb-af73-8e7c722ff31f;
24042533;1.500,00; CRED REF PREST SERVIÇOS ;RECEBIMENTO DE SOFT. SAI ;;;NORDESTINA - PM;01/03/2020;09/04/2020;QUITADO;imap;1;586a41b9-4d65-486f-b047-48f86da7f5b0;
24042793;1.500,00; CRED REF PREST SERVIÇOS ;RECEBIMENTO DE SOFT. SAI ;;;VARZEDO - PM;01/03/2020;13/04/2020;QUITADO;imap;1;5211ae23-64e9-48d1-afc8-6031a0ab1ffa;
24042033;1.520,00; CRED REF PREST SERVIÇOS ;RECEBIMENTO DE SOFT. SEJ ;;;ITAJU DO COLÔNIA - PM;12/02/2020;01/04/2020;QUITADO;imap;1;607094f5-0e25-4a43-9496-c3f7f2525a89;
2804201;1.542,00;CR REF: ;ESTORNO DESPESA DE VIAGEM;CAPTAÇÃO DE CONTRATOS;CAPTAÇÃO DE CONTRATOS;ADUSTINA - CM;28/04/2020;;ABERTO;imap;1;3287b412-de2b-444f-8e25-9899b0b16ba1;
24042249;1.600,00; CRED REF PREST SERVIÇOS ;RECEBIMENTO DE SOFT. SAI ;;;JUSSIAPE - PM;01/03/2020;07/04/2020;QUITADO;imap;1;f7b71b78-2c5c-4308-a6e9-8357d611f6df;
24042827;1.620,00; CRED REF PREST SERVIÇOS ;RECEBIMENTO DE SOFT. SEJ ;;;JANDAÍRA - PM;13/03/2020;13/04/2020;QUITADO;imap;1;3edb71d3-2ea7-42ca-a8e1-51483670c333;
24042929;1.650,00; CRED REF PREST SERVIÇOS ;RECEBIMENTO DE SOFT. SAI ;;;CONCEIÇÃO DO JACUÍPE - PM;01/03/2020;13/04/2020;QUITADO;imap;1;8707f1e0-ebd5-477d-a80e-3b9cd9b1ac45;
24042665;1.710,00; CRED REF PREST SERVIÇOS ;RECEBIMENTO DE SOFT. SEJ ;;;ITACARE - PM;20/03/2020;09/04/2020;QUITADO;imap;1;11effcbd-1585-4e49-a65c-e2dc6ce6f1f0;
2404201;1.800,00;, FP INT  CTA 2062437;RECEBIMENTO DE SOFT. SIAM ;SIAM;SIAM;IBIRAPITANGA - PM;06/04/2020;06/04/2020;QUITADO;imap;1;bcaae870-8659-11ea-be65-b326f08cf813;
24042829;1.800,00; CRED REF PREST SERVIÇOS ;RECEBIMENTO DE SOFT. SEJ ;;;JANDAÍRA - PM;06/03/2020;13/04/2020;QUITADO;imap;1;cb0ae0d4-b588-4e5a-a5c0-14dc8d2bcf06;
24042083;1.900,00; CRED REF PREST SERVIÇOS ;RECEBIMENTO DE SOFT. SAI ;;;MARAÚ - PM;01/02/2020;02/04/2020;QUITADO;imap;1;9e404c34-0839-42bf-96de-7e4d4105cc6f;
24042215;1.950,00; CRED REF PREST SERVIÇOS ;RECEBIMENTO DE SOFT. SAI ;;;GUARATINGA - PM;01/02/2020;06/04/2020;QUITADO;imap;1;7d631924-b724-42d0-b95f-a7a64f706880;
24042941;1.970,00; CRED REF PREST SERVIÇOS ;RECEBIMENTO DE SOFT. SIGEM;;;LENÇÓIS - PM;01/01/2020;13/04/2020;QUITADO;imap;1;315ec6a0-2c17-42a3-bce6-b10b6223fe84;
24042769;2.000,00; CRED REF PREST SERVIÇOS ;RECEBIMENTO DE SOFT. SAI ;;;ITABELA - PM;01/03/2020;09/04/2020;QUITADO;imap;1;c425caed-f528-491f-9821-3731f9443812;
24042511;2.040,00; CRED REF PREST SERVIÇOS ;RECEBIMENTO DE SOFT. SEJ ;;;PALMEIRAS - PM;17/03/2020;08/04/2020;QUITADO;imap;1;e73369b1-161a-4acc-adb6-2bc83dc42481;
24042093;2.200,00; CRED REF PREST SERVIÇOS ;RECEBIMENTO DE SOFT. SAI ;;;MURICI - PM;01/01/2020;03/04/2020;QUITADO;imap;1;53f08568-f5e0-4c7a-9312-0676308f0704;
24042095;2.200,00; CRED REF PREST SERVIÇOS ;RECEBIMENTO DE SOFT. SAI ;;;MURICI - PM;01/02/2020;03/04/2020;QUITADO;imap;1;4e9b7633-8d2e-4e03-b342-e9fce3e9b8c2;
24042245;2.200,00; CRED REF PREST SERVIÇOS ;RECEBIMENTO DE SOFT. SAI ;;;UNA - PM;01/02/2020;07/04/2020;QUITADO;imap;1;7ff1f2b1-6270-45ea-8b5f-c925a5995348;
24042497;2.202,00; CRED REF PREST SERVIÇOS ;RECEBIMENTO DE SOFT. SAI ;;;MARAGOGIPE - PM;01/02/2020;08/04/2020;QUITADO;imap;1;9c84cc01-53d0-4ba9-a26c-440ecaa922e0;
24042627;2.210,00; CRED REF PREST SERVIÇOS ;RECEBIMENTO DE SOFT. SEJ ;;;ITARANTIM - PM;11/03/2020;09/04/2020;QUITADO;imap;1;e54970c8-f8d4-49f9-b831-bbd1978aada6;
24042667;2.251,50; CRED REF PREST SERVIÇOS ;RECEBIMENTO DE SOFT. SAI ;;;ITACARE - PM;01/03/2020;09/04/2020;QUITADO;imap;1;9bb3d22f-be97-422d-b8b1-bd7082b9f53b;
24042097;2.333,33; CRED REF PREST SERVIÇOS ;RECEBIMENTO DE SOFT. SIAM ;;;MURICI - PM;01/01/2020;03/04/2020;QUITADO;imap;1;a267a698-28a9-4aee-b393-dc7834dbc7a7;
24042099;2.333,33; CRED REF PREST SERVIÇOS ;RECEBIMENTO DE SOFT. SIAM ;;;MURICI - PM;01/02/2020;03/04/2020;QUITADO;imap;1;8ed28ebb-129f-476a-9a5b-23774728501f;
2404202;2.400,00;, FP INT  CTA 2062437;RECEBIMENTO DE SOFT. SOS ;SOS;SOS;CLIENTE DIVERSOS;03/04/2020;03/04/2020;QUITADO;imap;1;9be70720-8656-11ea-be65-b326f08cf813;
24042595;2.500,00; CRED REF PREST SERVIÇOS ;RECEBIMENTO DE SOFT. SAI ;;;QUIJINGUE - PM;01/03/2020;09/04/2020;QUITADO;imap;1;237e1534-ef3a-4452-a11d-12d512dd3dc2;
24042771;2.500,00; CRED REF PREST SERVIÇOS ;RECEBIMENTO DE SOFT. SIAM ;;;ITABELA - PM;01/03/2020;09/04/2020;QUITADO;imap;1;1fd2603f-0626-47bf-9ae8-f5bd1e6ee4e3;
24042247;2.800,00; CRED REF PREST SERVIÇOS ;RECEBIMENTO DE SOFT. SOS ;;;UNA - PM;01/02/2020;07/04/2020;QUITADO;imap;1;1b6e2775-b71e-47e0-b037-a8769ee4dc33;
24042121;3.500,00; CRED REF PREST SERVIÇOS ;RECEBIMENTO DE SOFT. SAI ;;;ITABERABA - PM;01/03/2020;03/04/2020;QUITADO;imap;1;8249bfda-1e0d-4c50-9795-8104d9781b9b;
24042787;3.624,00; CRED REF PREST SERVIÇOS ;RECEBIMENTO DE SOFT. SOS ;;;CANAVIEIRAS - FMS;01/02/2020;13/04/2020;QUITADO;imap;1;71f0fbdc-0443-4aa4-9c71-dd3de8c4645a;
24042983;3.850,00; CRED REF PREST SERVIÇOS ;RECEBIMENTO DE SOFT. SAI ;;;EUNÁPOLIS - PM;01/03/2020;13/04/2020;QUITADO;imap;1;7afbebc5-6438-4b4b-8ed0-8bbd13b5120b;
24042163;3.950,00; CRED REF PREST SERVIÇOS ;RECEBIMENTO DE SOFT. SAI ;;;PAULO AFONSO - PM;01/03/2020;03/04/2020;QUITADO;imap;1;f908ec8a-d4c7-4b96-961f-fe3aa784db0e;
24042307;5.600,00; CRED REF PREST SERVIÇOS ;RECEBIMENTO DE SOFT. SIGEM;;;JACOBINA - PM;01/03/2020;07/04/2020;QUITADO;imap;1;0362ac9d-0a8a-4d9a-98d5-4b82a0af2869;
24042305;7.200,00; CRED REF PREST SERVIÇOS ;RECEBIMENTO DE SOFT. SAI ;;;BOM JESUS DA LAPA - PM;27/03/2020;07/04/2020;QUITADO;imap;1;d65bae00-580c-4b4b-8a2d-e90d17afc2d2;
